"","clbid","credits","crsid","departments","gereqs","instructors","level","locations","name","number","pn","prerequisites","section","semester","status","term","times","type","year","enrolled"
"1",8704,1,11,"['AMST']","","['James Farrell']",200,"","Academic Internship",294,"True","False","",2,"O",20042,"","Research",2004,1
"2",8705,1,11,"['AMST']","","['William A. Gorton']",200,"","Academic Internship",294,"True","False","A",2,"O",20042,"","Research",2004,1
"3",8706,1,28,"['ART']","","['Irve Dell']",100,"['DC 106', 'DC 106', 'DC 106']","Foundation Sculpture",122,"False","False","",2,"C",20042,"['M-F 0900-1000', 'M-F 1040-1210PM', 'M-F 0100-0300PM']","Research",2004,20
"4",8707,1,44,"['ART']","","['Wendell Arneson']",200,"['DC 216', 'DC 216', 'DC 216']","Advanced Drawing",233,"False","False","",2,"O",20042,"['M-F 0900-1000', 'M-F 1040-1210PM', 'M-F 0100-0300PM']","Research",2004,15
"5",8708,1,48,"['ART']","","['Ron Gallas']",200,"","Manhattan Art Interim",246,"False","False","",2,"C",20042,"","Research",2004,17
"6",8709,1,52,"['ART']","","['Matthew Rohn']",200,"['DC 305']","Art Since 1950",253,"False","False","",2,"C",20042,"['M-F 0100-0300PM']","Research",2004,33
"7",8710,1,65,"['ART']","","['Nancy M. Thompson']",200,"['DC 305']","Gothic Art",271,"False","False","",2,"O",20042,"['M-F 1040-1240PM']","Research",2004,27
"8",8711,1,68,"['ART']","","['Staff']",200,"","Academic Internship",294,"True","False","",2,"O",20042,"","Research",2004,0
"9",8712,1,69,"['ART']","","['Wendell Arneson']",200,"","IS/Adv Painting",298,"False","False","",2,"O",20042,"","Research",2004,1
"10",8713,1,69,"['ART']","","['Wendell Arneson']",200,"","IS/Oil/Acrylic",298,"False","False","A",2,"O",20042,"","Research",2004,1
"11",8714,1,69,"['ART']","","['Irve Dell']",200,"","IS/Bronze & Wood Sculpt",298,"False","False","B",2,"O",20042,"","Research",2004,1
"12",8715,1,69,"['ART']","","['John Saurer']",200,"","IS/Alt Firing Methods",298,"False","False","C",2,"O",20042,"","Research",2004,1
"13",8716,1,69,"['ART']","","['Heather M. Brooks-Shirey']",200,"","IS/Art/Culture Brazil",298,"False","False","D",2,"O",20042,"","Research",2004,1
"14",8717,1,69,"['ART']","","['Wendell Arneson']",200,"","IS/Mixed Media Draw",298,"False","False","E",2,"O",20042,"","Research",2004,1
"15",8718,1,69,"['ART']","","['Wendell Arneson']",200,"","IS/Jpn/Us Media Study",298,"False","False","F",2,"O",20042,"","Research",2004,1
"16",8719,1,69,"['ART']","","['John Saurer']",200,"","IS/Chicago Art Educ",298,"False","False","G",2,"O",20042,"","Research",2004,1
"17",8720,1,73,"['ART']","","['Staff']",300,"","Academic Internship",394,"True","False","",2,"O",20042,"","Research",2004,0
"18",8721,1,75,"['ART']","","['Wendell Arneson']",300,"","IR/Advanced Painting",398,"False","False","",2,"O",20042,"","Research",2004,1
"19",8722,1,79,"['ASIAN']","","['Phyllis Hyland Larson']",100,"['HH 501', 'HH 501']","Intro Japanese Film",124,"False","False","",2,"C",20042,"['M-Th 1040-1240PM', 'M-Th 0100-0300PM']","Research",2004,45
"20",8723,1,85,"['ASIAN']","","['Rika Ito']",200,"","Nat ID/China & Japan",212,"False","False","",2,"C",20042,"","Research",2004,20
"21",8724,1,88,"['ASIAN']","","['Pin Pin Wan']",200,"['OM 002']","Chinese Lit--Tr",236,"False","False","",2,"C",20042,"['M-Th 1040-1240PM']","Research",2004,27
"22",8725,1,90,"['ASIAN']","","['Katherine S. Tegtmeyer Pak']",200,"['OM 015']","Intl Politics Ne Asia",245,"False","False","",2,"O",20042,"['M-F 1040-1240PM']","Research",2004,10
"23",8726,1,93,"['ASIAN']","","['Staff']",200,"","Academic Internship",294,"True","False","",2,"O",20042,"","Research",2004,0
"24",8727,1,94,"['ASIAN']","","['Pin Pin Wan']",200,"","IS/Family in China",298,"False","False","",2,"O",20042,"","Research",2004,1
"25",8728,1,96,"['ASIAN']","","['Staff']",300,"","Academic Internship",394,"True","False","",2,"O",20042,"","Research",2004,0
"26",8729,1,97,"['ASIAN']","","['Robert Entenmann']",300,"","IR/Lau Family History",398,"False","False","",2,"O",20042,"","Research",2004,1
"27",8730,1,97,"['ASIAN']","","['Pin Pin Wan']",300,"","IR/Chinese Singapore",398,"False","False","A",2,"O",20042,"","Research",2004,1
"60",8763,1,225,"['CLASS']","","['Anne Groton']",100,"['OM 031']","Ancient Comedy-Tr",126,"False","False","",2,"C",20042,"['M-F 0100-0300PM']","Research",2004,36
"61",8764,1,228,"['CLASS']","","['Christopher M. Brunelle']",100,"['OM 031']","The Neverending Myth",129,"False","False","",2,"C",20042,"['M-F 1040-1240PM']","Research",2004,23
"62",8765,1,232,"['CLASS']","","['Steve T. Reece']",200,"","Class Studies Greece",251,"False","False","",2,"C",20042,"","Research",2004,30
"63",8766,1,233,"['CLASS']","","['Staff']",200,"","Academic Internship",294,"True","False","",2,"O",20042,"","Research",2004,0
"64",8767,1,234,"['CLASS']","","['Staff']",200,"","IS/",298,"False","False","",2,"O",20042,"","Research",2004,0
"65",8768,1,235,"['CLASS']","","['Staff']",300,"","Academic Internship",394,"True","False","",2,"O",20042,"","Research",2004,0
"66",8769,1,236,"['CLASS']","","['Anne Groton']",300,"","IR/Ancient Medicine",398,"False","False","",2,"O",20042,"","Research",2004,1
"67",8770,1,248,"['CHIN']","","['Staff']",200,"","Academic Internship",294,"True","False","",2,"O",20042,"","Research",2004,0
"68",8771,1,249,"['CHIN']","","['Staff']",200,"","IS/",298,"False","False","",2,"O",20042,"","Research",2004,0
"69",8772,1,251,"['CHIN']","","['Staff']",300,"","Academic Internship",394,"True","False","",2,"O",20042,"","Research",2004,0
"70",8773,1,256,"['ECON']","","['Edward David Emery']",100,"['HH 413']","Capitalism: Econ Hist",113,"False","False","",2,"C",20042,"['M-F 1040-1240PM']","Research",2004,23
"71",8774,1,262,"['ECON']","","['Mark Pernecky']",200,"['OM 035', 'OM 035']","Economic Justice",220,"False","False","",2,"C",20042,"['MWF 0830-1000', 'MWF 1040-1210PM']","Research",2004,17
"72",8775,1,276,"['ECON']","","['Anthony Becker']",200,"","Academic Internship",294,"True","False","",2,"O",20042,"","Research",2004,1
"73",8776,1,277,"['ECON']","","['Paul Wojick']",200,"","IS/Economics Skiing",298,"False","False","",2,"O",20042,"","Research",2004,1
"74",8777,1,277,"['ECON']","","['Paul Wojick']",200,"","IS/Sport Econ Comp St",298,"False","False","A",2,"O",20042,"","Research",2004,1
"75",8778,1,284,"['ECON']","","['Staff']",300,"","Academic Internship",394,"True","False","",2,"O",20042,"","Research",2004,0
"76",8779,1,285,"['ECON']","","['Staff']",300,"","IR/",398,"False","False","",2,"O",20042,"","Research",2004,0
"82",8785,1,308,"['EDUC']","","['Daniel R. Forstner']",100,"","Schools & Communities",170,"True","False","",2,"C",20042,"","Research",2004,22
"83",8786,1,310,"['EDUC']","","['Elizabeth A. Leer']",200,"","Perspectives On Tchg",260,"True","False","",2,"C",20042,"","Research",2004,14
"84",8787,1,313,"['EDUC']","","['Daniel R. Forstner']",200,"","Academic Internship",294,"True","False","",2,"O",20042,"","Research",2004,1
"85",8788,1,314,"['EDUC']","","['John Welckle']",200,"","IS/American Politics",298,"False","False","",2,"O",20042,"","Research",2004,1
"86",8789,1,338,"['EDUC']","","['Mark Schelske']",300,"","Multi-Cult Ed Hawaii",378,"True","False","",2,"C",20042,"","Research",2004,27
"87",8790,1,339,"['EDUC']","","['Rosemary A. Pfarr-Baker']",300,"","Urban Alternative Ed",379,"True","False","",2,"C",20042,"","Research",2004,36
"88",8791,1,344,"['EDUC']","","['Staff']",300,"","Academic Internship",394,"True","False","",2,"O",20042,"","Research",2004,0
"89",8792,1,345,"['EDUC']","","['Daniel R. Forstner']",300,"","IR/Anc-Mod Education",398,"False","False","",2,"O",20042,"","Research",2004,1
"90",8793,1,345,"['EDUC']","","['Maria L. Kelly']",300,"","IR/Winter Outdoor Ed",398,"False","False","A",2,"O",20042,"","Research",2004,1
"95",8798,1,381,"['ENGL']","","['Gene Bauer']",100,"['RML 421']","Intro/Academic Wri",107,"True","False","",2,"C",20042,"['M-F 0800-1000']","Research",2004,5
"96",8799,1,390,"['ENGL']","","['Jon Eric Nelson']",100,"['RML 515']","Detective Fiction",169,"False","False","",2,"C",20042,"['M-F 1040-1240PM']","Research",2004,26
"97",8800,1,391,"['ENGL']","","['Eliot K. Wilson']",100,"['OM 004']","Am Drama: Odets-Mamet",182,"False","False","",2,"C",20042,"['M-F 1040-1240PM']","Research",2004,21
"98",8801,1,408,"['ENGL']","","['Mary Titus']",200,"['RML 515']","Lit Viet War/Am War",239,"False","False","",2,"O",20042,"['M-F 0800-1000']","Research",2004,22
"99",8802,1,409,"['ENGL']","","['Colin Wells']",200,"['RML 525']","Lit Eras: The Beats",240,"False","False","",2,"C",20042,"['M-F 1040-1240PM']","Research",2004,30
"100",8803,1,413,"['ENGL']","","['James Heynen']",200,"['RML 421', 'RML 421']","Creative Wrtg: Non-Fic",251,"False","False","",2,"C",20042,"['TWTh 1040-1240PM', 'TWTh 0100-0300PM']","Research",2004,17
"101",8804,1,415,"['ENGL']","","['David Wee']",200,"","The Moral Vision",253,"False","False","",2,"C",20042,"","Research",2004,26
"102",8805,1,421,"['ENGL']","","['Jonathan Hill']",200,"","Lit Eastern Caribbean",270,"False","False","",2,"C",20042,"","Research",2004,24
"103",8806,1,430,"['ENGL']","","['Joan Hepburn']",200,"","Performing Arts in NY",284,"False","False","",2,"C",20042,"","Research",2004,14
"104",8807,1,433,"['ENGL']","","['Staff']",200,"","Academic Internship",294,"True","False","",2,"O",20042,"","Research",2004,0
"105",8808,1,434,"['ENGL']","","['Staff']",200,"","IS/",298,"False","False","",2,"O",20042,"","Research",2004,0
"106",8809,1,436,"['ENGL']","","['Carol Holly']",300,"['RML 520']","Adv Lit Era: 19th C Am",340,"False","False","",2,"C",20042,"['M-F 1040-1240PM']","Topic",2004,15
"107",8810,1,449,"['ENGL']","","['Staff']",300,"","Academic Internship",394,"True","False","",2,"O",20042,"","Research",2004,0
"108",8811,1,451,"['ENGL']","","['Mark Allister']",300,"","IR/Wri Nature/Place",398,"False","False","",2,"O",20042,"","Research",2004,1
"109",8812,1,451,"['ENGL']","","['Jonathan Hill']",300,"","IR/Revolutionary Word",398,"False","False","A",2,"O",20042,"","Research",2004,1
"110",8813,1,464,"['ENVST']","","['Paul T. Jackson']",200,"","Academic Internship",294,"True","False","",2,"O",20042,"","Research",2004,1
"111",8814,1,464,"['ENVST']","","['Rebecca Judge']",200,"","Academic Internship",294,"True","False","A",2,"O",20042,"","Research",2004,1
"112",8815,1,465,"['ENVST']","","['Staff']",200,"","IS/",298,"False","False","",2,"O",20042,"","Research",2004,0
"113",8816,1,466,"['ENVST']","","['Staff']",300,"","Academic Internship",394,"True","False","",2,"O",20042,"","Research",2004,0
"114",8817,1,467,"['ENVST']","","['Staff']",300,"","IR/",398,"False","False","",2,"O",20042,"","Research",2004,0
"115",8818,1,479,"['FREN']","","['M. Clare Mather']",200,"['OM 011', 'OM 011']","Intermed French I",231,"False","False","",2,"O",20042,"['M-F 1040-1240PM', 'M-F 0200-0300PM']","Research",2004,9
"116",8819,1,481,"['FREN']","","['Herve Pensec']",200,"","Lang/Cul Fr Caribbean",233,"False","False","",2,"C",20042,"","Research",2004,16
"117",8820,1,482,"['FREN']","","['Scott Homler']",200,"['OM 026']","Speaking of French",250,"False","False","",2,"C",20042,"['M-F 1040-0300PM']","Research",2004,21
"118",8821,1,489,"['FREN']","","['Wendy Allen']",200,"","ID French St--Paris",275,"False","False","",2,"C",20042,"","Research",2004,14
"119",8822,1,490,"['FREN']","","['Staff']",200,"","Academic Internship",294,"True","False","",2,"O",20042,"","Research",2004,0
"120",8823,1,491,"['FREN']","","['Staff']",200,"","IS/",298,"False","False","",2,"O",20042,"","Research",2004,0
"121",8824,1,494,"['FREN']","","['Staff']",300,"","Academic Internship",394,"True","False","",2,"O",20042,"","Research",2004,0
"122",8825,1,496,"['FREN']","","['Wendy Allen']",300,"","IR/04 Us Elec: Fr.View",398,"False","False","",2,"O",20042,"","Research",2004,1
"123",8826,1,507,"['GERM']","","['Karen R. Achberger']",100,"['OM 035', 'VIKING_THTR']","German Cinema",149,"False","False","",2,"O",20042,"['M-F 0100-0300PM', 'TTh 0630-0830PM']","Research",2004,19
"125",8828,1,510,"['GERM']","","['Frederike Von Schwerin-High']",200,"","Lang/Culture Studies",233,"False","False","",2,"C",20042,"","Research",2004,12
"126",8829,1,512,"['GERM']","","['Karl Fink']",200,"['RML 577']","Age of Goethe-Tr",246,"False","False","",2,"C",20042,"['M-F 0800-1000']","Research",2004,22
"127",8830,1,522,"['GERM']","","['Karl Fink']",200,"","Academic Internship",294,"True","False","",2,"O",20042,"","Research",2004,2
"128",8831,1,523,"['GERM']","","['Staff']",200,"","IS/",298,"False","False","",2,"O",20042,"","Research",2004,0
"129",8832,1,529,"['GERM']","","['Staff']",300,"","Academic Internship",394,"True","False","",2,"O",20042,"","Research",2004,0
"130",8833,1,530,"['GERM']","","['Staff']",300,"","IR/",398,"False","False","",2,"O",20042,"","Research",2004,0
"131",8834,1,532,"['GCON']","","['Jolene Barjasteh']",100,"['STEENSLAND']","Romans & Christians",115,"False","False","A",2,"C",20042,"['M-F 1040-1240PM']","Research",2004,23
"132",8835,1,532,"['GCON']","","['Diana Postlethwaite']",100,"['STEENSLAND']","Romans & Christians",115,"False","False","B",2,"C",20042,"['M-F 1040-1240PM']","Research",2004,20
"133",8836,1,532,"['GCON']","","['Edmund Santurri']",100,"['STEENSLAND']","Romans & Christians",115,"False","False","C",2,"C",20042,"['M-F 1040-1240PM']","Research",2004,23
"134",8837,1,532,"['GCON']","","['J. L. Carrington']",100,"['HH 514']","Romans & Christians",115,"False","False","D",2,"C",20042,"['M-F 1040-1240PM']","Research",2004,23
"135",8838,1,543,"['GREEK']","","['Staff']",200,"","Academic Internship",294,"True","False","",2,"O",20042,"","Research",2004,0
"136",8839,1,544,"['GREEK']","","['Staff']",200,"","IS/",298,"False","False","",2,"O",20042,"","Research",2004,0
"137",8840,1,550,"['GREEK']","","['Staff']",300,"","Academic Internship",394,"True","False","",2,"O",20042,"","Research",2004,0
"138",8841,1,551,"['GREEK']","","['Staff']",300,"","IR/",398,"False","False","",2,"O",20042,"","Research",2004,0
"139",8842,1,552,"['HIST']","","['Timothy R. Howe']",100,"['HH 301']","Ancient Warfare",101,"False","False","",2,"C",20042,"['M-F 1040-1240PM']","Research",2004,19
"140",8843,1,565,"['HIST']","","['Todd W. Nichol']",100,"['HH 317']","Rolvaag's America",168,"False","False","",2,"C",20042,"['M-F 1040-1240PM']","Research",2004,10
"141",8844,1,571,"['HIST']","","['Eric J. Fure-Slocum']",100,"['OM 030']","Cynicism/Hope Mod Am",183,"False","False","",2,"C",20042,"['M-F 1040-1240PM']","Research",2004,19
"142",8845,1,598,"['HIST']","","['Robert Nichols']",200,"['HH 307', 'HH 307']","Orthodox Christianity",232,"False","False","",2,"O",20042,"['M-F 0900-1000', 'M-F 1040-1140']","Research",2004,23
"143",8846,1,600,"['HIST']","","['David M. Perry']",200,"['BMC 110']","Women/Medieval Europe",237,"False","False","",2,"C",20042,"['M-F 1040-1240PM']","Research",2004,33
"144",8847,1,613,"['HIST']","","['Helena Pohlandt-McCormick']",200,"","Landscapes/So Africa",261,"False","False","",2,"C",20042,"","Research",2004,16
"145",8848,1,622,"['HIST']","","['Steven C. Hahn']",200,"['HH 317']","Reel Am/History/Film",290,"False","False","",2,"C",20042,"['M-F 0100-0300PM']","Research",2004,38
"146",8849,1,624,"['HIST']","","['Staff']",200,"","Academic Internship",294,"True","False","",2,"O",20042,"","Research",2004,0
"147",8850,1,625,"['HIST']","","['Robert Entenmann']",200,"","IS/Okinawa & A. Bomb",298,"False","False","",2,"O",20042,"","Research",2004,1
"148",8851,1,640,"['HIST']","","['Staff']",300,"","Academic Internship",394,"True","False","",2,"O",20042,"","Research",2004,0
"149",8852,1,642,"['HIST']","","['Robert Nichols']",300,"","IR/Orth/ISlamic Rltns",398,"False","False","",2,"O",20042,"","Research",2004,1
"154",8857,1,653,"['FAMST']","","['Mary Carlsen']",200,"","Academic Internship",294,"True","False","",2,"O",20042,"","Research",2004,1
"155",8858,1,653,"['FAMST']","","['Robert W. McClure']",200,"","Academic Internship",294,"True","False","A",2,"O",20042,"","Research",2004,0
"156",8859,1,654,"['FAMST']","","['Staff']",200,"","IS/",298,"False","False","",2,"O",20042,"","Research",2004,0
"157",8860,1,656,"['FAMST']","","['Staff']",300,"","Academic Internship",394,"True","False","",2,"O",20042,"","Research",2004,0
"158",8861,1,657,"['FAMST']","","['Staff']",300,"","IR/",398,"False","False","",2,"O",20042,"","Research",2004,0
"159",8862,1,686,"['IS']","","['Staff']",200,"","Academic Internship",294,"True","False","",2,"O",20042,"","Research",2004,0
"160",8863,1,687,"['IS']","","['Staff']",200,"","IS/",298,"False","False","",2,"O",20042,"","Research",2004,0
"161",8864,1,691,"['IS']","","['Staff']",300,"","Academic Internship",394,"True","False","",2,"O",20042,"","Research",2004,0
"162",8865,1,692,"['IS']","","['Thomas A. Williamson']",300,"","IR/Christian Missions",398,"False","False","",2,"O",20042,"","Research",2004,1
"163",8866,1,692,"['IS']","","['Marc Robinson']",300,"","IR/Nat Theol Rus Orth",398,"False","False","A",2,"O",20042,"","Research",2004,1
"164",8867,1,698,"['ID']","","['Eric Cleven']",200,"['OM 001', 'OM 001']","Peacebuild/Conflict",239,"False","False","",2,"C",20042,"['M-F 1040-1240PM', 'TTh 0800-1000']","Research",2004,20
"165",8868,1,701,"['ID']","","['Lavern Rippley', 'Steve Soderlind']",200,"","The Mare Balticum",249,"False","False","",2,"C",20042,"","Research",2004,50
"167",8870,1,704,"['ID']","","['Wesley Pearson']",200,"","Hospital Health Care",255,"True","False","",2,"C",20042,"","Research",2004,12
"168",8871,1,705,"['ID']","","['Karen Wilson']",200,"","Theater in London",258,"False","False","",2,"C",20042,"","Research",2004,26
"169",8872,1,707,"['ID']","","['Mary Cisar']",200,"","Academic Internship",294,"True","False","",2,"O",20042,"","Research",2004,1
"170",8873,1,708,"['ID']","","['Staff']",200,"","IS/",298,"False","False","",2,"O",20042,"","Research",2004,0
"171",8874,1,709,"['ID']","","['Staff']",300,"","Academic Internship",394,"True","False","",2,"O",20042,"","Research",2004,0
"172",8875,1,710,"['ID']","","['Staff']",300,"","IR/",398,"False","False","",2,"O",20042,"","Research",2004,0
"173",8876,1,716,"['LATIN']","","['Staff']",200,"","Academic Internship",294,"True","False","",2,"O",20042,"","Research",2004,0
"174",8877,1,717,"['LATIN']","","['Staff']",200,"","IS/",298,"False","False","",2,"O",20042,"","Research",2004,0
"175",8878,1,725,"['LATIN']","","['Staff']",300,"","Academic Internship",394,"True","False","",2,"O",20042,"","Research",2004,0
"176",8879,1,726,"['LATIN']","","['Staff']",300,"","IR/",398,"False","False","",2,"O",20042,"","Research",2004,0
"183",8886,1,770,"['MGMT']","","['Richard Goedde']",200,"['HH 413']","Computer Applications",230,"False","False","",2,"C",20042,"['M-F 0100-0300PM']","Research",2004,24
"184",8887,1,776,"['MGMT']","","['Kathy C. Thomforde']",200,"","Market Pract/Cultures",242,"False","False","",2,"C",20042,"","Research",2004,14
"185",8888,1,784,"['MGMT']","","['Mary Ann Emery']",200,"","Academic Internship",294,"True","False","",2,"O",20042,"","Research",2004,4
"186",8889,1,784,"['MGMT']","","['Sian E. Muir']",200,"","Academic Internship",294,"True","False","A",2,"O",20042,"","Research",2004,1
"187",8890,1,785,"['MGMT']","","['Staff']",200,"","IS/",298,"False","False","",2,"O",20042,"","Research",2004,0
"188",8891,1,788,"['MGMT']","","['Mary Ann Emery']",300,"","Academic Internship",394,"True","False","",2,"O",20042,"","Research",2004,1
"189",8892,1,789,"['MGMT']","","['Staff']",300,"","IR/",398,"False","False","",2,"O",20042,"","Research",2004,0
"190",8893,1,795,"['MEDIA']","","['William Sonnega']",200,"","Academic Internship",294,"True","False","",2,"O",20042,"","Research",2004,5
"191",8894,1,795,"['MEDIA']","","['Gary Wicks']",200,"","Academic Internship",294,"True","False","A",2,"O",20042,"","Research",2004,1
"192",8895,1,796,"['MEDIA']","","['Staff']",200,"","IS/",298,"False","False","",2,"O",20042,"","Research",2004,0
"193",8896,1,797,"['MEDIA']","","['Staff']",300,"","Academic Internship",394,"True","False","",2,"O",20042,"","Research",2004,0
"194",8897,1,798,"['MEDIA']","","['Staff']",300,"","IR/",398,"False","False","",2,"O",20042,"","Research",2004,0
"195",8898,1,805,"['MUSIC']","","['David Carter']",100,"['CHM 233', 'CHM 233']","Orchestral Music",132,"False","False","",2,"C",20042,"['M-F 0900-1000', 'M-F 1040-1140']","Research",2004,31
"196",8899,1,823,"['MUSIC']","","['Justin W. Merritt']",200,"['CHM 224']","Music/Electronic Med",225,"False","False","",2,"C",20042,"['M-F 1040-1240PM']","Research",2004,22
"197",8900,1,824,"['MUSIC']","","['Gerald Hoekstra']",200,"['CHM 239']","History of Jazz",231,"False","False","",2,"C",20042,"['M-F 0100-0300PM']","Research",2004,33
"198",8901,1,825,"['MUSIC']","","['Alice Hanson']",200,"['CHM 239', 'CHM 239']","America's Hit Parade",232,"False","False","",2,"C",20042,"['M-Th 0900-1000', 'M-Th 1040-1200PM']","Research",2004,33
"199",8902,1,828,"['MUSIC']","","['Paul Westermeyer']",200,"['CHM 232', 'CHM 232']","Music/Chr Worship",235,"False","False","",2,"O",20042,"['MTTh 1040-1240PM', 'MTTh 0130-0300PM']","Research",2004,12
"200",8903,1,846,"['MUSIC']","","['Staff']",200,"","Academic Internship",294,"True","False","",2,"O",20042,"","Research",2004,0
"201",8904,1,847,"['MUSIC']","","['James McKeel']",200,"","IS/Opera Performance",298,"False","False","",2,"O",20042,"","Research",2004,1
"202",8905,1,847,"['MUSIC']","","['Martin Hodel']",200,"","IS/Pedagogy/Lit Trump",298,"False","False","A",2,"O",20042,"","Research",2004,1
"203",8906,1,865,"['MUSIC']","","['Staff']",300,"","Academic Internship",394,"True","False","",2,"O",20042,"","Research",2004,0
"204",8907,1,866,"['MUSIC']","","['Staff']",300,"","IR/",398,"False","False","",2,"O",20042,"","Research",2004,0
"209",8912,1,924,"['NORW']","","['Anne G. Sabo']",100,"['VIKING_THTR']","Nordic Film Today",130,"False","False","",2,"O",20042,"['M-F 0100-0400PM']","Research",2004,43
"210",8913,1,931,"['NORW']","","['Staff']",200,"","Academic Internship",294,"True","False","",2,"O",20042,"","Research",2004,0
"211",8914,1,932,"['NORW']","","['Staff']",200,"","IS/",298,"False","False","",2,"O",20042,"","Research",2004,0
"212",8915,1,936,"['NORW']","","['Staff']",300,"","Academic Internship",394,"True","False","",2,"O",20042,"","Research",2004,0
"213",8916,1,937,"['NORW']","","['Staff']",300,"","IR/",398,"False","False","",2,"O",20042,"","Research",2004,0
"214",8917,1,939,"['NURS']","","['Mary Kuehn']",100,"['HH 403']","Nutrition & Wellness",110,"False","False","",2,"C",20042,"['M-F 1040-1240PM']","Research",2004,48
"215",8918,1,942,"['NURS']","","['Staff']",200,"","Academic Internship",294,"True","False","",2,"O",20042,"","Research",2004,0
"216",8919,1,943,"['NURS']","","['Staff']",200,"","IS/",298,"False","False","",2,"O",20042,"","Research",2004,0
"217",8920,1,961,"['NURS']","","['Staff']",300,"","Academic Internship",394,"True","False","",2,"O",20042,"","Research",2004,0
"218",8921,1,963,"['NURS']","","['Mary Kuehn']",300,"","IR/Nurse Education",398,"False","False","",2,"O",20042,"","Research",2004,1
"219",8922,1,964,"['PHIL']","","['Jennifer C. Manion']",100,"['HH 516']","Making of Modern Mind",118,"False","False","",2,"C",20042,"['M-F 0100-0300PM']","Research",2004,23
"220",8923,1,966,"['PHIL']","","['Vicki L. Harper']",100,"['HH 301']","Philosophy and Lit",120,"False","False","",2,"C",20042,"['M-F 0100-0300PM']","Research",2004,31
"221",8924,1,977,"['PHIL']","","['Karen Gervais']",200,"['HH 413']","Biomedical Ethics",250,"False","False","",2,"C",20042,"['M-F 0800-1000']","Research",2004,20
"222",8925,1,980,"['PHIL']","","['Anthony J. Rudd']",200,"['HH 515']","Law,Politics,Morality",254,"False","False","",2,"C",20042,"['M-F 1040-1240PM']","Research",2004,22
"223",8926,1,984,"['PHIL']","","['Gordon D. Marino']",200,"['HH 516']","Freud/Human Behavior",261,"False","False","",2,"C",20042,"['M-F 1040-1240PM']","Research",2004,24
"224",8927,1,985,"['PHIL']","","['Staff']",200,"","Academic Internship",294,"True","False","",2,"O",20042,"","Research",2004,0
"225",8928,1,986,"['PHIL']","","['Gordon D. Marino']",200,"","IS/Kafka in Prague",298,"False","False","",2,"O",20042,"","Research",2004,4
"226",8929,1,992,"['PHIL']","","['Staff']",300,"","Academic Internship",394,"True","False","",2,"O",20042,"","Research",2004,0
"227",8930,1,993,"['PHIL']","","['Vicki L. Harper']",300,"","IR/Modal Logic",398,"False","False","",2,"O",20042,"","Research",2004,1
"228",8931,1,993,"['PHIL']","","['Jeanine Grenberg']",300,"","IR/Kant and Ethics",398,"False","False","A",2,"O",20042,"","Research",2004,1
"229",8932,1,1057,"['PETH']","","['Staff']",200,"","Academic Internship",294,"True","False","",2,"O",20042,"","Research",2004,0
"230",8933,1,1058,"['PETH']","","['Cynthia Book']",200,"","IS/Occupation/Researc",298,"False","False","",2,"O",20042,"","Research",2004,1
"231",8934,1,1067,"['PETH']","","['Daniel Hagen']",300,"","Academic Internship",394,"True","False","",2,"O",20042,"","Research",2004,1
"232",8935,1,1068,"['PETH']","","['Daniel Hagen']",300,"","IR/Advanced Strength",398,"False","False","",2,"O",20042,"","Research",2004,1
"238",8941,1,1108,"['PSCI']","","['Stephen B. Dyson']",100,"['HH 307']","For Policy Crisis Mgt",116,"False","False","",2,"C",20042,"['M-F 0100-0300PM']","Research",2004,25
"239",8942,1,1114,"['PSCI']","","['Charles E. Umbanhowar Sr']",200,"['OM 001']","Politics",222,"False","False","",2,"C",20042,"['M-F 0100-0300PM']","Research",2004,23
"240",8943,1,1137,"['PSCI']","","['D Christopher Brooks']",200,"['OM 020']","Russian Politics",282,"False","False","",2,"O",20042,"['M-F 1040-1240PM']","Research",2004,10
"241",8944,1,1139,"['PSCI']","","['Kristina Thalhammer']",200,"","Academic Internship",294,"True","False","",2,"O",20042,"","Research",2004,2
"242",8945,1,1139,"['PSCI']","","['Sheryl D. Breen']",200,"","Academic Internship",294,"True","False","A",2,"O",20042,"","Research",2004,1
"243",8946,1,1139,"['PSCI']","","['William A. Gorton']",200,"","Academic Internship",294,"True","False","B",2,"O",20042,"","Research",2004,2
"244",8947,1,1141,"['PSCI']","","['Staff']",200,"","IS/",298,"False","False","",2,"O",20042,"","Research",2004,0
"245",8948,1,1151,"['PSCI']","","['Staff']",300,"","Academic Internship",394,"True","False","",2,"O",20042,"","Research",2004,0
"246",8949,1,1152,"['PSCI']","","['Staff']",300,"","IR/",398,"False","False","",2,"O",20042,"","Research",2004,0
"259",8962,1,1195,"['REL']","","['Douglas Schuurman']",200,"['BMC 111']","Chr Theol/Moral Life",207,"False","False","",2,"C",20042,"['M-F 0100-0300PM']","Research",2004,30
"260",8963,1,1204,"['REL']","","['Philip E. Stoltzfus']",200,"['BMC 101']","Liberation Theologies",219,"False","False","",2,"C",20042,"['M-F 0100-0300PM']","Research",2004,6
"261",8964,1,1205,"['REL']","","['James Hanson']",200,"['BMC 101']","Jesus in Script/Trad",221,"False","False","",2,"C",20042,"['M-F 1040-1240PM']","Research",2004,31
"262",8965,1,1209,"['REL']","","['Elaine G. Siemsen']",200,"['BMC 111']","God & Human Suffering",225,"False","False","",2,"C",20042,"['M-F 1040-1240PM']","Research",2004,35
"263",8966,1,1222,"['REL']","","['Barbara Reed']",200,"['BMC 110']","Buddhism",257,"False","False","",2,"C",20042,"['M-F 0100-0300PM']","Research",2004,28
"264",8967,1,1225,"['REL']","","['Eric Lund']",200,"","Rome and Wittenberg",262,"False","False","",2,"C",20042,"","Research",2004,24
"265",8968,1,1231,"['REL']","","['L. DeAne Lagerquist']",200,"","Hist Geography Bible",275,"False","False","",2,"C",20042,"","Research",2004,25
"266",8969,1,1236,"['REL']","","['Staff']",200,"","Academic Internship",294,"True","False","",2,"O",20042,"","Research",2004,0
"267",8970,1,1239,"['REL']","","['Jamie A. Schillinger']",200,"","IS/Gods of Monutheism",298,"False","False","",2,"O",20042,"","Research",2004,1
"268",8971,1,1253,"['REL']","","['Staff']",300,"","Academic Internship",394,"True","False","",2,"O",20042,"","Research",2004,0
"269",8972,1,1257,"['REL']","","['John Barbour']",300,"","IR/Kids, Rel,+ Lit",398,"False","False","",2,"O",20042,"","Research",2004,1
"270",8973,1,1271,"['RUSSN']","","['Irina Walter']",200,"","Capitals/Russ Lit-Tr",255,"False","False","",2,"C",20042,"","Research",2004,22
"272",8975,1,1275,"['RUSSN']","","['Staff']",200,"","Academic Internship",294,"True","False","",2,"O",20042,"","Research",2004,0
"273",8976,1,1276,"['RUSSN']","","['Marc Robinson']",200,"","IS/Russian Linguistic",298,"False","False","",2,"O",20042,"","Research",2004,1
"274",8977,1,1279,"['RUSSN']","","['Staff']",300,"","Academic Internship",394,"True","False","",2,"O",20042,"","Research",2004,0
"275",8978,1,1280,"['RUSSN']","","['Staff']",300,"","IR/",398,"False","False","",2,"O",20042,"","Research",2004,0
"276",8979,1,1286,"['SOAN']","","['Grant P. Arndt']",100,"['SH 01']","Anth of War and Peace",115,"False","False","",2,"C",20042,"['M-Th 0100-0400PM']","Research",2004,24
"277",8980,1,1287,"['SOAN']","","['Thomas A. Williamson']",100,"['BMC 102']","Modern Elixirs",116,"False","False","",2,"C",20042,"['MTThF 1040-0100PM']","Research",2004,27
"278",8981,1,1298,"['SOAN']","","['James Tallon']",200,"","Modern Ireland",231,"False","False","",2,"C",20042,"","Research",2004,25
"279",8982,1,1305,"['SOAN']","","['Christopher L. Chiappari']",200,"['RML 525']","Social Movements",243,"False","False","",2,"C",20042,"['M-F 0100-0300PM']","Research",2004,27
"280",8983,1,1315,"['SOAN']","","['Staff']",200,"","Academic Internship",294,"True","False","",2,"O",20042,"","Research",2004,0
"281",8984,1,1316,"['SOAN']","","['Christopher L. Chiappari']",200,"","IS/Cent Am Hlth Care",298,"False","False","",2,"O",20042,"","Research",2004,2
"282",8985,1,1316,"['SOAN']","","['Christopher L. Chiappari']",200,"","IS/Health & Cambodia",298,"False","False","A",2,"O",20042,"","Research",2004,1
"283",8986,1,1319,"['SOAN']","","['Staff']",300,"","Academic Internship",394,"True","False","",2,"O",20042,"","Research",2004,0
"284",8987,1,1320,"['SOAN']","","['Staff']",300,"","IR/",398,"False","False","",2,"O",20042,"","Research",2004,0
"294",8997,1,1357,"['SWRK']","","['Mary Carlsen']",100,"['HH 403', 'HH 403']","I Want to Help People",120,"False","False","",2,"C",20042,"['T-F 0830-1000', 'T-F 0100-0300PM']","Research",2004,28
"295",8998,1,1362,"['SWRK']","","['Naurine Lennox']",200,"","Fam Soc Srv Cntrl Mex",256,"False","False","",2,"C",20042,"","Research",2004,22
"296",8999,1,1366,"['SWRK']","","['Staff']",200,"","Academic Internship",294,"True","False","",2,"O",20042,"","Research",2004,0
"297",9000,1,1367,"['SWRK']","","['Mary Carlsen']",200,"","IS/Dom Violence Mex",298,"False","False","",2,"O",20042,"","Research",2004,1
"298",9001,1,1372,"['SWRK']","","['Staff']",300,"","Academic Internship",394,"True","False","",2,"O",20042,"","Research",2004,0
"299",9002,1,1373,"['SWRK']","","['Staff']",300,"","IR/",398,"False","False","",2,"O",20042,"","Research",2004,0
"300",9003,1,1376,"['THEAT']","","['Gary C. Gisselman']",100,"['CHM 140', 'CHM 140']","Acting for Non-Majors",115,"False","False","",2,"C",20042,"['MTThF 1040-1240PM', 'W 0100-0400PM']","Research",2004,20
"301",9004,1,1380,"['THEAT']","","['Brian Bjorklund']",100,"['TB Kelsey', 'TB Kelsey', 'TB Kelsey']","Prod Theater: Intro",133,"True","False","",2,"C",20042,"['M-F 0900-1000', 'M-F 1040-0500PM', 'M-F 0700-1000PM']","Research",2004,18
"302",9005,1,1387,"['THEAT']","","['Dona W. Freeman']",200,"['TB Haugen', 'TB Haugen', 'TB Haugen']","Prod Theater: Advanced",234,"True","False","",2,"C",20042,"['M-F 0900-1000', 'M-F 1040-0500PM', 'M-F 0700-1000PM']","Research",2004,15
"303",9006,1,1394,"['THEAT']","","['Staff']",200,"","Academic Internship",294,"True","False","",2,"O",20042,"","Research",2004,0
"304",9007,1,1395,"['THEAT']","","['Gary C. Gisselman']",200,"","IS/Th Phil & Adv Dir",298,"False","False","",2,"O",20042,"","Research",2004,1
"305",9008,1,1400,"['THEAT']","","['Steven E. Reiser']",300,"","Academic Internship",394,"True","False","",2,"O",20042,"","Research",2004,1
"306",9009,1,1401,"['THEAT']","","['Gary C. Gisselman']",300,"","IR/Theatre Philosophy",398,"False","False","",2,"O",20042,"","Research",2004,1
"313",9117,1,1477,"['WMNST']","","['Staff']",200,"","Academic Internship",294,"True","False","",2,"O",20042,"","Research",2004,0
"314",9118,1,1478,"['WMNST']","","['Staff']",200,"","IS/",298,"False","False","",2,"O",20042,"","Research",2004,0
"315",9119,1,1479,"['WMNST']","","['Staff']",300,"","Academic Internship",394,"True","False","",2,"O",20042,"","Research",2004,0
"316",9120,1,1480,"['WMNST']","","['Staff']",300,"","IR/",398,"False","False","",2,"O",20042,"","Research",2004,0
"317",9121,1,1487,"['ARMS']","","['Christopher L. Chiappari']",200,"","IS/Youth/Community",298,"False","False","",2,"O",20042,"","Research",2004,1
"318",80964,1,16991,"['INTD']","","['Staff']",200,"","Interim Exchange",200,"False","False","",2,"O",20042,"","Research",2004,0
