"","clbid","credits","crsid","departments","gereqs","halfcredit","instructors","level","locations","name","notes","number","pn","prerequisites","section","semester","status","term","times","type","year","enrolled"
"1",7603,1,4,"['AMST']","",NA,"['James Farrell']",100,"['RML 421']","Perspect Am Culture","",100,"False","False","",1,"C",20041,"['MWF 1045-1140']","Research",2004,33
"2",7604,1,11,"['AMST']","",NA,"['Staff']",200,"","Academic Internship","",294,"True","False","",1,"O",20041,"","Research",2004,0
"3",7605,1,12,"['AMST']","",NA,"['Staff']",200,"","IS/","",298,"False","False","",1,"O",20041,"","Research",2004,0
"4",7606,1,12,"['AMST']","",NA,"['Staff']",200,"","IS/","",298,"False","False","A",1,"O",20041,"","Research",2004,0
"5",7607,1,14,"['AMST']","",NA,"['Staff']",300,"","Academic Internship","",394,"True","False","",1,"O",20041,"","Research",2004,0
"6",7608,1,15,"['AMST']","",NA,"['James Farrell']",300,"","IR/Parent in America","",398,"False","False","",1,"O",20041,"","Research",2004,1
"7",7609,1,15,"['AMST']","",NA,"['Carol Holly']",300,"","IR/Coming Age America","",398,"False","False","A",1,"O",20041,"","Research",2004,1
"20",7622,1,27,"['ART']","",NA,"['Mary Griep']",100,"['DC 216']","Honors Found Drawing","",120,"False","False","",1,"C",20041,"['TTh 0800-1100']","Research",2004,19
"21",7623,1,31,"['ART']","",NA,"['Nancy M. Thompson', 'Karil J. Kucera']",100,"['DC 305']","Intro/Art History I","",150,"False","False","",1,"C",20041,"['MWF 1045-1140']","Research",2004,49
"22",7624,1,33,"['ART']","",NA,"['Wendell Arneson']",200,"['DC 214']","Oil/Acrylic Painting","",221,"False","False","",1,"C",20041,"['MWF 1255-0255PM']","Research",2004,25
"23",7625,1,35,"['ART']","",NA,"['Irve Dell']",200,"['DC 105', 'DC 105']","Sculpt: Metal Casting","",223,"False","False","",1,"C",20041,"['T 1145-0245PM', 'Th 1245-0345PM']","Research",2004,14
"24",7626,1,39,"['ART']","",NA,"['John Saurer']",200,"['DC 212']","Printmkg: Intaglio/Mono","",227,"False","False","",1,"C",20041,"['MWF 1045-1245PM']","Research",2004,14
"25",7627,1,46,"['ART']","",NA,"['Margaret Ojala']",200,"['DC 102', 'DC 102']","Intermed Photography","",238,"False","False","",1,"C",20041,"['T 1145-0245PM', 'Th 1245-0345PM']","Research",2004,15
"26",7628,1,47,"['ART']","",NA,"['Patrick T. Kelley']",200,"['DC 101', 'DC 101']","Video Art Production","",239,"False","False","",1,"O",20041,"['T 1145-0245PM', 'Th 1245-0345PM']","Research",2004,11
"27",7629,1,50,"['ART']","",NA,"['Heather M. Brooks-Shirey']",200,"['DC 305', 'DC 305']","Art 1776-1880","",251,"False","False","",1,"C",20041,"['T 1145-0110PM', 'Th 1245-0205PM']","Research",2004,31
"28",7630,1,57,"['ART']","",NA,"['Karil J. Kucera']",200,"['DC 305']","Arts of China","",259,"False","False","",1,"C",20041,"['MWF 1150-1245PM']","Research",2004,31
"29",7631,1,67,"['ART']","",NA,"['Nancy M. Thompson']",200,"['DC 204', 'DC 204']","Women in Art","",277,"False","False","",1,"C",20041,"['T 0120-0245PM', 'Th 0215-0335PM']","Research",2004,17
"30",7632,1,68,"['ART']","",NA,"['Staff']",200,"","Academic Internship","",294,"True","False","",1,"O",20041,"","Research",2004,0
"31",7633,1,69,"['ART']","",NA,"['Wendell Arneson']",200,"","IS/Adv Oil Painting","",298,"False","False","",1,"O",20041,"","Research",2004,1
"32",7634,1,69,"['ART']","",NA,"['Ron Gallas']",200,"","IS/Handbuilt Dishware","",298,"False","False","A",1,"O",20041,"","Research",2004,1
"33",7635,1,69,"['ART']","",NA,"['Ron Gallas']",200,"","IS/Adv Ceramics II","",298,"False","False","B",1,"O",20041,"","Research",2004,2
"34",7636,1,69,"['ART']","",NA,"['Margaret Ojala']",200,"","IS/Photo as Theatre","",298,"False","False","C",1,"O",20041,"","Research",2004,1
"35",7637,1,69,"['ART']","",NA,"['Ron Gallas']",200,"","IS/Ceramics in Series","",298,"False","False","D",1,"O",20041,"","Research",2004,1
"36",7638,1,69,"['ART']","",NA,"['Ron Gallas']",200,"","IS/Fantasy Ceramics","",298,"False","False","E",1,"O",20041,"","Research",2004,1
"37",7639,1,69,"['ART']","",NA,"['Wendell Arneson']",200,"","IS/Adv Oil Painting","",298,"False","False","F",1,"O",20041,"","Research",2004,1
"38",7640,1,69,"['ART']","",NA,"['Wendell Arneson']",200,"","IS/Picasso Use of Wmn","",298,"False","False","G",1,"O",20041,"","Research",2004,1
"39",7641,1,69,"['ART']","",NA,"['Ron Gallas']",200,"","IS/Figurative Ceramic","",298,"False","False","H",1,"O",20041,"","Research",2004,1
"40",7642,1,69,"['ART']","",NA,"['Mary Griep']",200,"","IS/Art/Phil Dialogue","",298,"False","False","I",1,"O",20041,"","Research",2004,1
"41",7643,1,70,"['ART']","",NA,"['John Saurer']",300,"['DC 204']","Topics Sem/Studio Art","",340,"False","False","",1,"C",20041,"['MWF 0800-1000']","Topic",2004,20
"42",7644,1,73,"['ART']","",NA,"['Staff']",300,"","Academic Internship","",394,"True","False","",1,"O",20041,"","Research",2004,0
"43",7645,1,75,"['ART']","",NA,"['Heather M. Brooks-Shirey']",300,"","IR/Nonviolence","",398,"False","False","",1,"O",20041,"","Research",2004,1
"44",7646,1,75,"['ART']","",NA,"['Karil J. Kucera']",300,"","IR/Bosatsu in Japan","",398,"False","False","A",1,"O",20041,"","Research",2004,1
"45",7647,1,75,"['ART']","",NA,"['Nancy M. Thompson']",300,"","IR/Iranian Women Art","",398,"False","False","B",1,"O",20041,"","Research",2004,1
"46",7648,1,75,"['ART']","",NA,"['Staff']",300,"","IR/","",398,"False","False","C",1,"O",20041,"","Research",2004,0
"47",7649,1,76,"['ASIAN']","",NA,"['Barbara Reed']",100,"['OM 015', 'OM 015']","Family & Self/E Asia","",111,"False","False","",1,"C",20041,"['T 1145-0110PM', 'Th 1245-0205PM']","Research",2004,21
"48",7650,1,78,"['ASIAN']","",NA,"['Richard Bodman']",100,"['OM 001']","Asian Cultures","",121,"False","False","",1,"O",20041,"['MWF 0200-0255PM']","Research",2004,22
"49",7651,1,83,"['ASIAN']","",NA,"['Pin Pin Wan']",100,"['OM 001', 'OM 001']","Cont China Thru Film","",156,"False","False","",1,"C",20041,"['T 1145-0110PM', 'Th 1245-0205PM']","Research",2004,31
"50",7652,1,84,"['ASIAN']","",NA,"['Katherine S. Tegtmeyer Pak']",200,"['OM 011', 'OM 011']","Rice & Society/E Asia","",211,"False","False","",1,"C",20041,"['T 0120-0245PM', 'Th 0215-0335PM']","Research",2004,17
"51",7653,1,94,"['ASIAN']","",NA,"['Pin Pin Wan']",200,"","IS/Film in Chinese","",298,"False","False","",1,"O",20041,"","Research",2004,2
"52",7654,1,94,"['ASIAN']","",NA,"['Phyllis Hyland Larson']",200,"","IS/4th Year Japanese","",298,"False","False","A",1,"O",20041,"","Research",2004,1
"53",7655,1,97,"['ASIAN']","",NA,"['Robert Entenmann']",300,"","IR/Finding Butoh","",398,"False","False","",1,"O",20041,"","Research",2004,1
"54",7656,1,98,"['ASIAN']","",NA,"['Robert Entenmann']",300,"['HH 301', 'HH 301']","Sem: Asia","",399,"False","False","",1,"C",20041,"['T 0935-1100', 'Th 0930-1050']","Seminar",2004,19
"110",7712,1,176,"['AMCON']","",NA,"['Mary Titus']",100,"['BMC 109']","Freedoms: 1607-1865","",101,"False","False","A",1,"C",20041,"['MWF 1045-1140']","Research",2004,23
"111",7713,1,176,"['AMCON']","",NA,"['L. DeAne Lagerquist']",100,"['BMC 101']","Freedoms: 1607-1865","",101,"False","False","B",1,"C",20041,"['MWF 1045-1140']","Research",2004,23
"112",7714,1,178,"['AMCON']","",NA,"['Matthew Rohn']",200,"['SC 129']","Remaking Am: 1845-1945","",201,"False","False","A",1,"C",20041,"['MWF 1255-0150PM']","Research",2004,14
"113",7715,1,178,"['AMCON']","",NA,"['Judy Kutulas']",200,"['SC 110']","Remaking Am: 1845-1945","",201,"False","False","B",1,"C",20041,"['MWF 1255-0150PM']","Research",2004,11
"157",7759,1,229,"['CLASS']","",NA,"['Steve T. Reece']",200,"['OM 031', 'OM 031']","Greek & Roman Myth-Tr","",241,"False","False","",1,"C",20041,"['T 0935-1100', 'Th 0930-1050']","Research",2004,27
"158",7760,1,233,"['CLASS']","",NA,"['Staff']",200,"","Academic Internship","",294,"True","False","",1,"O",20041,"","Research",2004,0
"159",7761,1,234,"['CLASS']","",NA,"['Staff']",200,"","IS/","",298,"False","False","",1,"O",20041,"","Research",2004,0
"160",7762,1,235,"['CLASS']","",NA,"['Staff']",300,"","Academic Internship","",394,"True","False","",1,"O",20041,"","Research",2004,0
"161",7763,1,236,"['CLASS']","",NA,"['Staff']",300,"","IR/","",398,"False","False","",1,"O",20041,"","Research",2004,0
"162",7764,1,237,"['CHIN']","",NA,"['Richard Bodman']",100,"['OM 001', 'OM 002']","Beginning Chinese I","",111,"False","False","A",1,"O",20041,"['MWF 0905-1000', 'T 0800-0925']","Research",2004,3
"163",7765,1,237,"['CHIN']","",NA,"['Richard Bodman']",100,"['OM 001', 'OM 001']","Beginning Chinese I","",111,"False","False","B",1,"O",20041,"['MWF 1150-1245PM', 'T 0935-1100']","Research",2004,5
"164",7766,1,237,"['CHIN']","",NA,"['Richard Bodman']",100,"['OM 001', 'OM 001']","Beginning Chinese I","",111,"False","False","C",1,"O",20041,"['MWF 0905-1000', 'T 0935-1100']","Research",2004,6
"165",7767,1,237,"['CHIN']","",NA,"['Richard Bodman']",100,"['OM 001', 'OM 002']","Beginning Chinese I","",111,"False","False","D",1,"O",20041,"['MWF 1150-1245PM', 'T 0800-0925']","Research",2004,6
"166",7768,1,241,"['CHIN']","",NA,"['Pin Pin Wan']",200,"['OM 001', 'OM 011', 'OM 011']","Intermed Chinese I","",231,"False","False","",1,"O",20041,"['MWF 1045-1140', 'T 1005-1100', 'Th 0955-1050']","Research",2004,18
"167",7769,1,245,"['CHIN']","",NA,"['Pin Pin Wan']",200,"['OM 036']","Advanced Chinese I","",251,"False","False","",1,"O",20041,"['MWF 0200-0255PM']","Research",2004,3
"168",7770,1,248,"['CHIN']","",NA,"['Staff']",200,"","Academic Internship","",294,"True","False","",1,"O",20041,"","Research",2004,0
"169",7771,1,249,"['CHIN']","",NA,"['Pin Pin Wan']",200,"","IS/Film in Chinese","",298,"False","False","",1,"O",20041,"","Research",2004,1
"170",7772,1,251,"['CHIN']","",NA,"['Staff']",300,"","Academic Internship","",394,"True","False","",1,"O",20041,"","Research",2004,0
"171",7773,1,252,"['CHIN']","",NA,"['Staff']",300,"","IR/","",398,"False","False","",1,"O",20041,"","Research",2004,0
"172",7774,1,259,"['ECON']","",NA,"['Rebecca Judge']",100,"['HH 317']","Principles of Econ","",121,"False","False","A",1,"C",20041,"['MWF 0800-0855']","Research",2004,31
"173",7775,1,259,"['ECON']","",NA,"['Mark Pernecky']",100,"['HH 413']","Principles of Econ","",121,"False","False","B",1,"O",20041,"['MWF 0905-1000']","Research",2004,22
"174",7776,1,259,"['ECON']","",NA,"['Mark Pernecky']",100,"['HH 413']","Principles of Econ","",121,"False","False","C",1,"O",20041,"['MWF 1045-1140']","Research",2004,26
"175",7777,1,259,"['ECON']","",NA,"['Daniel B. Kramer']",100,"['HH 413']","Principles of Econ","",121,"False","False","D",1,"O",20041,"['MWF 1255-0150PM']","Research",2004,24
"176",7778,1,259,"['ECON']","",NA,"['Daniel B. Kramer']",100,"['HH 413']","Principles of Econ","",121,"False","False","E",1,"O",20041,"['MWF 0200-0255PM']","Research",2004,26
"177",7779,1,259,"['ECON']","",NA,"['David Schodt']",100,"['SC 184', 'SC 184']","Principles of Econ","",121,"False","False","F",1,"C",20041,"['T 0120-0245PM', 'Th 0215-0335PM']","Research",2004,27
"178",7780,1,264,"['ECON']","",NA,"['Edward David Emery']",200,"['OM 004', 'OM 004']","Economic Methods","",233,"False","False","",1,"O",20041,"['T 0800-0925', 'Th 0800-0920']","Research",2004,19
"179",7781,1,267,"['ECON']","",NA,"['Daniel B. Kramer']",200,"['HH 317']","Environmental Econ","",242,"False","False","",1,"C",20041,"['MWF 1150-1245PM']","Research",2004,27
"180",7782,1,270,"['ECON']","",NA,"['Edward David Emery']",200,"['OM 004', 'OM 004']","Health Care Econ","",245,"False","False","",1,"O",20041,"['T 1145-0110PM', 'Th 1245-0205PM']","Research",2004,18
"181",7783,1,272,"['ECON']","",NA,"['Steve Soderlind']",200,"['HH 301']","Urban Economics","",249,"False","False","",1,"O",20041,"['MWF 0800-0855']","Research",2004,21
"182",7784,1,274,"['ECON']","",NA,"['Paul Wojick']",200,"['OM 002']","Macroeconomic Theory","",261,"False","False","A",1,"O",20041,"['MWF 0800-0855']","Research",2004,16
"183",7785,1,274,"['ECON']","",NA,"['Paul Wojick']",200,"['OM 002']","Macroeconomic Theory","",261,"False","False","B",1,"C",20041,"['MWF 0905-1000']","Research",2004,24
"184",7786,1,275,"['ECON']","",NA,"['Anthony Becker']",200,"['HH 413', 'HH 413']","Microeconomic Theory","",262,"False","False","A",1,"C",20041,"['T 1145-0110PM', 'Th 1245-0205PM']","Research",2004,24
"185",7787,1,275,"['ECON']","",NA,"['Anthony Becker']",200,"['HH 413', 'HH 413']","Microeconomic Theory","",262,"False","False","B",1,"O",20041,"['T 0120-0245PM', 'Th 0215-0335PM']","Research",2004,10
"186",7788,1,276,"['ECON']","",NA,"['David Carter']",200,"","Academic Internship","",294,"True","False","",1,"O",20041,"","Research",2004,1
"187",7789,1,276,"['ECON']","",NA,"['Terry J. Fitzgerald']",200,"","Academic Internship","",294,"True","False","A",1,"O",20041,"","Research",2004,1
"188",7790,1,277,"['ECON']","",NA,"['Edward David Emery']",200,"","IS/Eu Econ Transition","",298,"False","False","",1,"O",20041,"","Research",2004,1
"189",7791,1,277,"['ECON']","",NA,"['Staff']",200,"","IS/","",298,"False","False","A",1,"O",20041,"","Research",2004,0
"190",7792,1,279,"['ECON']","",NA,"['Paul Wojick']",300,"['OM 001']","Money and Banking","",374,"False","False","",1,"C",20041,"['MWF 1255-0150PM']","Research",2004,29
"191",7793,1,280,"['ECON']","",NA,"['Mark Pernecky']",300,"['HH 514']","Labor Econ/Empl Rel","",376,"False","False","",1,"O",20041,"['MWF 1255-0150PM']","Lab",2004,15
"192",7794,1,282,"['ECON']","",NA,"['Anthony Becker']",300,"['OM 002', 'OM 002']","Intro to Econometrics","",385,"False","False","",1,"O",20041,"['T 0935-1100', 'Th 0930-1050']","Research",2004,14
"193",7795,1,283,"['ECON']","",NA,"['Richard Goedde']",300,"","Senior Project","",389,"False","False","",1,"O",20041,"","Research",2004,1
"194",7796,1,284,"['ECON']","",NA,"['Staff']",300,"","Academic Internship","",394,"True","False","",1,"O",20041,"","Research",2004,0
"195",7797,1,285,"['ECON']","",NA,"['Rebecca Judge']",300,"","IR/Pollution Levy Sys","",398,"False","False","",1,"O",20041,"","Research",2004,1
"196",7798,1,286,"['ECON']","",NA,"['Terry J. Fitzgerald']",300,"['HH 514', 'HH 514']","Seminar","",399,"False","False","",1,"O",20041,"['T 1145-0110PM', 'Th 1245-0205PM']","Seminar",2004,12
"211",7813,1,311,"['EDUC']","",NA,"['Robert W. McClure']",200,"['FH 10']","Educ Psychology","",290,"False","False","A",1,"C",20041,"['MWF 1045-1140']","Research",2004,16
"212",7814,1,311,"['EDUC']","",NA,"['Daniel R. Forstner']",200,"['FH 10', 'FH 10']","Educ Psychology","",290,"False","False","B",1,"C",20041,"['T 0935-1100', 'Th 0930-1050']","Research",2004,13
"216",7818,1,313,"['EDUC']","",NA,"['Staff']",200,"","Academic Internship","",294,"True","False","",1,"O",20041,"","Research",2004,0
"217",7819,1,314,"['EDUC']","",NA,"['Staff']",200,"","IS/","",298,"False","False","",1,"O",20041,"","Research",2004,0
"218",7820,1,321,"['EDUC']","",NA,"['Maria L. Kelly']",300,"['FH 10L']","Principles of Educ","",330,"False","False","A",1,"C",20041,"['MWF 1045-1140']","Research",2004,16
"219",7821,1,321,"['EDUC']","",NA,"['Maria L. Kelly']",300,"['FH 10']","Principles of Educ","",330,"False","False","B",1,"C",20041,"['MWF 0905-1000']","Research",2004,17
"220",7822,1,321,"['EDUC']","",NA,"['Elizabeth A. Leer']",300,"['FH 10L', 'FH 10L']","Principles of Educ","",330,"False","False","C",1,"C",20041,"['T 0935-1100', 'Th 0930-1050']","Research",2004,10
"228",7830,1,337,"['EDUC']","",NA,"['Ann A. Leming']",300,"['FH 10']","The Exceptional Child","",376,"False","False","A",1,"C",20041,"['Th 1245-0205PM']","Research",2004,1
"229",7831,1,337,"['EDUC']","",NA,"['Ann A. Leming']",300,"['FH 10']","The Exceptional Child","",376,"False","False","B",1,"C",20041,"['Th 0215-0335PM']","Research",2004,1
"234",7836,1,344,"['EDUC']","",NA,"['Staff']",300,"","Academic Internship","",394,"True","False","",1,"O",20041,"","Research",2004,0
"235",7837,1,345,"['EDUC']","",NA,"['Martha Wallace']",300,"","IR/Knowing Elem Math","",398,"False","False","",1,"O",20041,"","Research",2004,1
"236",7838,1,345,"['EDUC']","",NA,"['Mark Schelske']",300,"","IR/Adolescents/Art Ed","",398,"False","False","A",1,"O",20041,"","Research",2004,1
"264",7866,1,381,"['ENGL']","",NA,"['Gene Bauer']",100,"['TB 216', 'TB 216']","Intro/Academic Wri","",107,"False","False","",1,"C",20041,"['T 0800-0925', 'Th 0800-0920']","Research",2004,6
"265",7867,1,383,"['ENGL']","",NA,"['Jan C. Hill']",100,"['RML 420', 'RML 420']","Skills in Composition","",110,"False","False","",1,"C",20041,"['T 0120-0245PM', 'Th 0215-0335PM']","Research",2004,12
"266",7868,1,392,"['ENGL']","",NA,"['Colin Wells']",100,"['RML 525']","Literary Studies","",185,"False","False","A",1,"C",20041,"['MWF 0200-0255PM']","Research",2004,25
"267",7869,1,392,"['ENGL']","",NA,"['Carol Holly']",100,"['RML 515', 'RML 515']","Literary Studies","",185,"False","False","B",1,"C",20041,"['T 0935-1100', 'Th 0930-1050']","Research",2004,26
"268",7870,1,394,"['ENGL']","",NA,"['Mark Allister']",200,"","Lit Env--Wolf Ridge","",201,"False","False","",1,"C",20041,"","Research",2004,1
"269",7871,1,396,"['ENGL']","",NA,"['Mary Steen']",200,"['RML 525', 'RML 525']","Fiction Down Under","",215,"False","False","",1,"C",20041,"['T 1145-0110PM', 'Th 1245-0205PM']","Research",2004,30
"270",7872,1,397,"['ENGL']","",NA,"['Karen E. Marsalek', 'Mary E. Trull']",200,"['RML 525']","Lit in Engl to 1650","",221,"False","False","A",1,"C",20041,"['MWF 0905-1000']","Research",2004,36
"271",7873,1,397,"['ENGL']","",NA,"['Karen E. Marsalek', 'Mary E. Trull']",200,"['RML 525', 'RML 520']","Lit in Engl to 1650","",221,"False","False","B",1,"C",20041,"['MW 0905-1000', 'F 0905-1000']","Research",2004,0
"272",7874,1,397,"['ENGL']","",NA,"['Karen E. Marsalek', 'Mary E. Trull']",200,"['RML 525', 'RML 525']","Lit in Engl to 1650","",221,"False","False","C",1,"C",20041,"['MW 0905-1000', 'F 0800-0855']","Research",2004,0
"273",7875,1,397,"['ENGL']","",NA,"['Karen E. Marsalek', 'Mary E. Trull']",200,"['RML 525', 'RML 520']","Lit in Engl to 1650","",221,"False","False","D",1,"C",20041,"['MW 0905-1000', 'F 0800-0855']","Research",2004,0
"274",7876,1,399,"['ENGL']","",NA,"['Jonathan Hill', 'Colin Wells']",200,"['RML 525']","Lit in Engl 1650-1850","",222,"False","False","A",1,"C",20041,"['MWF 1045-1140']","Research",2004,30
"275",7877,1,399,"['ENGL']","",NA,"['Jonathan Hill', 'Colin Wells']",200,"['RML 525', 'BC']","Lit in Engl 1650-1850","",222,"False","False","B",1,"C",20041,"['MW 1045-1140', 'F 1045-1140']","Research",2004,0
"276",7878,1,399,"['ENGL']","",NA,"['Jonathan Hill', 'Colin Wells']",200,"['RML 525', 'RML 420']","Lit in Engl 1650-1850","",222,"False","False","C",1,"C",20041,"['MW 1045-1140', 'F 0905-1000']","Research",2004,0
"277",7879,1,405,"['ENGL']","",NA,"['David Wee']",200,"['RML 525', 'RML 525']","Lit Eras: Victorian","",230,"False","False","",1,"O",20041,"['T 0120-0245PM', 'Th 0215-0335PM']","Research",2004,24
"278",7880,1,406,"['ENGL']","",NA,"['Jan C. Hill']",200,"['RML 515', 'RML 515']","Children's Literature","",233,"False","False","",1,"C",20041,"['T 1145-0110PM', 'Th 1245-0205PM']","Research",2004,32
"279",7881,1,409,"['ENGL']","",NA,"['Richard Buckstead']",200,"['RML 515']","Amer Lit 1915-1945","",240,"False","False","",1,"C",20041,"['MWF 1255-0150PM']","Research",2004,34
"280",7882,1,418,"['ENGL']","",NA,"['Eliot K. Wilson']",200,"['RML 525', 'RML 525']","Creat Wrtg: Fict/Poet","",257,"False","False","",1,"C",20041,"['T 0800-0925', 'Th 0800-0930']","Research",2004,28
"281",7883,1,424,"['ENGL']","",NA,"['Mary E. Trull']",200,"['RML 515']","Literature & Film","",275,"False","False","",1,"C",20041,"['MWF 1045-1140']","Research",2004,30
"282",7884,1,426,"['ENGL']","",NA,"['Karen E. Marsalek']",200,"['RML 525']","Shakespeare & Contemp","",280,"False","False","",1,"C",20041,"['MWF 1150-1245PM']","Research",2004,27
"283",7885,1,429,"['ENGL']","",NA,"['Jon Eric Nelson']",200,"['RML 525']","Studies in Prose","",283,"False","False","",1,"C",20041,"['MWF 1255-0150PM']","Research",2004,31
"284",7886,1,431,"['ENGL']","",NA,"['Karen Cherewatuk']",200,"['RML 525', 'RML 525']","Women & Literature","",286,"False","False","",1,"C",20041,"['T 0935-1100', 'Th 0930-1050']","Research",2004,28
"285",7887,1,432,"['ENGL']","",NA,"['Richard Buckstead']",200,"['RML 515']","Faulkner & Melville","",290,"False","False","",1,"O",20041,"['MWF 0200-0255PM']","Research",2004,16
"286",7888,1,433,"['ENGL']","",NA,"['Staff']",200,"","Academic Internship","",294,"True","False","",1,"O",20041,"","Research",2004,0
"287",7889,1,434,"['ENGL']","",NA,"['David Wee']",200,"","IS/Our Age of Austen","",298,"False","False","",1,"O",20041,"","Research",2004,1
"288",7890,1,434,"['ENGL']","",NA,"['Gene Bauer']",200,"","IS/News Paper Writing","",298,"False","False","A",1,"O",20041,"","Research",2004,1
"289",7891,1,434,"['ENGL']","",NA,"['Carol Holly']",200,"","IS/Cmg of Age in Usa","",298,"False","False","B",1,"O",20041,"","Research",2004,0
"290",7892,1,434,"['ENGL']","",NA,"['Carol Holly']",200,"","IS/Coming of Age","",298,"False","False","C",1,"O",20041,"","Research",2004,1
"291",7893,1,437,"['ENGL']","",NA,"['Joan Hepburn']",300,"['RML 520', 'RML 520']","Top: Multi-Cult Lit","",345,"False","False","",1,"C",20041,"['T 0935-1100', 'Th 0930-1050']","Topic",2004,13
"292",7894,1,440,"['ENGL']","",NA,"['Eliot K. Wilson']",300,"['RML 515', 'RML 515']","Advanced Poetry Wrtg","",371,"False","False","",1,"C",20041,"['T 0120-0245PM', 'Th 0215-0335PM']","Research",2004,17
"293",7895,1,443,"['ENGL']","",NA,"['Jon Eric Nelson']",300,"['RML 520', 'RML 520']","Screenwriting","",374,"False","False","",1,"C",20041,"['T 0800-0925', 'Th 0800-0920']","Research",2004,16
"294",7896,1,449,"['ENGL']","",NA,"['Jan C. Hill']",300,"","Academic Internship","",394,"True","False","",1,"O",20041,"","Research",2004,1
"295",7897,1,451,"['ENGL']","",NA,"['Mary E. Trull']",300,"","IR/Discover the Self","",398,"False","False","",1,"O",20041,"","Research",2004,5
"296",7898,1,451,"['ENGL']","",NA,"['David Wee']",300,"","IR/Our Age of Austen","",398,"False","False","A",1,"O",20041,"","Research",2004,6
"297",7899,1,451,"['ENGL']","",NA,"['Staff']",300,"","IR/","",398,"False","False","B",1,"O",20041,"","Research",2004,0
"298",7900,1,451,"['ENGL']","",NA,"['Mark Allister']",300,"","IR/Virginia Woolf","",398,"False","False","C",1,"O",20041,"","Research",2004,1
"299",7901,1,451,"['ENGL']","",NA,"['Karen Cherewatuk']",300,"","IR/Mdvl Views Nature","",398,"False","False","D",1,"O",20041,"","Research",2004,1
"300",7902,1,451,"['ENGL']","",NA,"['Carol Holly']",300,"","IR/Cmg of Age in Usa","",398,"False","False","E",1,"O",20041,"","Research",2004,1
"301",7903,1,452,"['ENGL']","",NA,"['Diana Postlethwaite']",300,"['RML 520', 'RML 520']","Sem: Cultural Criticsm","",399,"False","False","A",1,"C",20041,"['T 1145-0110PM', 'Th 1245-0205PM']","Seminar",2004,14
"302",7904,1,452,"['ENGL']","",NA,"['Mary Titus']",300,"['RML 520', 'RML 520']","Sem: Virtue & Money","",399,"False","False","B",1,"C",20041,"['T 0120-0245PM', 'Th 0215-0335PM']","Seminar",2004,15
"303",7905,1,453,"['ENVST']","",NA,"['Mark Allister']",100,"['RML 515', 'RML 515']","Culture of Nature","",101,"False","False","",1,"C",20041,"['T 0800-0925', 'Th 0800-0930']","Research",2004,24
"304",7906,1,454,"['ENVST']","",NA,"['Jason D. Hill']",100,"['SC 274']","Conservation Biology","",125,"False","False","",1,"C",20041,"['MW 0100-0300PM']","Research",2004,26
"305",7907,1,455,"['ENVST']","",NA,"['Robert Jacobel']",100,"['SC 129', 'SC 129']","Intro: Env Studies","",137,"False","False","A",1,"C",20041,"['T 0935-1100', 'Th 0930-1050']","Research",2004,23
"306",7908,1,455,"['ENVST']","",NA,"['Eugene Bakko']",100,"['SC 129', 'SC 129']","Intro: Env Studies","",137,"False","False","B",1,"C",20041,"['T 1145-0110PM', 'Th 1245-0205PM']","Research",2004,25
"307",7909,1,458,"['ENVST']","",NA,"['Sheryl D. Breen']",200,"['SC 129', 'SC 129']","Env Political Theory","",225,"False","False","",1,"O",20041,"['T 0120-0245PM', 'Th 0215-0335PM']","Research",2004,21
"308",7910,1,459,"['ENVST']","",NA,"['Rebecca Judge']",200,"['HH 515']","Env Policy/Regulation","",232,"False","False","",1,"O",20041,"['MWF 0200-0255PM']","Research",2004,10
"309",7911,1,461,"['ENVST']","",NA,"['Brian C. Welch']",200,"['RML 477', 'RML 477']","Remote Sensing & Gis","",255,"False","False","",1,"O",20041,"['MWF 1045-1140', 'W 0120-0320PM']","Research",2004,7
"310",7912,1,463,"['ENVST']","",NA,"['Matthew Rohn']",200,"['DC 305']","Nature & Am Landscape","",270,"False","False","",1,"C",20041,"['MWF 0905-1000']","Research",2004,25
"311",7913,1,464,"['ENVST']","",NA,"['Staff']",200,"","Academic Internship","",294,"True","False","",1,"O",20041,"","Research",2004,0
"312",7914,1,465,"['ENVST']","",NA,"['Staff']",200,"","IS/","",298,"False","False","",1,"O",20041,"","Research",2004,0
"313",7915,1,466,"['ENVST']","",NA,"['Staff']",300,"","Academic Internship","",394,"True","False","",1,"O",20041,"","Research",2004,0
"314",7916,1,467,"['ENVST']","",NA,"['Staff']",300,"","IR/","",398,"False","False","",1,"O",20041,"","Research",2004,0
"315",7917,1,467,"['ENVST']","",NA,"['Staff']",300,"","IR/","",398,"False","False","A",1,"O",20041,"","Research",2004,0
"322",7924,1,476,"['FREN']","",NA,"['M. Clare Mather']",100,"['OM 030']","Beginning French I","",111,"False","False","",1,"O",20041,"['MWF 0905-1000']","Research",2004,27
"323",7925,1,477,"['FREN']","",NA,"['Herve Pensec']",100,"['OM 026']","Beginning French II","",112,"False","False","A",1,"O",20041,"['MWF 1045-1140']","Research",2004,17
"324",7926,1,477,"['FREN']","",NA,"['Herve Pensec']",100,"['OM 026']","Beginning French II","",112,"False","False","B",1,"O",20041,"['MWF 1150-1245PM']","Research",2004,13
"325",7927,1,479,"['FREN']","",NA,"['Wendy Allen']",200,"['OM 026']","Intermed French I","",231,"False","False","A",1,"O",20041,"['MWF 0800-0855']","Research",2004,21
"326",7928,1,479,"['FREN']","",NA,"['M. Clare Mather']",200,"['OM 031']","Intermed French I","",231,"False","False","B",1,"O",20041,"['MWF 1045-1140']","Research",2004,17
"327",7929,1,479,"['FREN']","",NA,"['M. Clare Mather']",200,"['OM 026']","Intermed French I","",231,"False","False","C",1,"C",20041,"['MWF 1255-0150PM']","Research",2004,23
"328",7930,1,480,"['FREN']","",NA,"['Wendy Allen']",200,"['OM 026']","Intermed French II","",232,"False","False","A",1,"C",20041,"['MWF 0905-1000']","Research",2004,30
"329",7931,1,480,"['FREN']","",NA,"['Jolene Barjasteh']",200,"['OM 026']","Intermed French II","",232,"False","False","B",1,"O",20041,"['MWF 0200-0255PM']","Research",2004,26
"330",7932,1,483,"['FREN']","",NA,"['Scott Homler']",200,"['OM 026', 'OM 026']","Writing French","",251,"False","False","",1,"C",20041,"['T 0120-0245PM', 'Th 0215-0335PM']","Research",2004,21
"331",7933,1,484,"['FREN']","",NA,"['Jolene Barjasteh']",200,"['OM 026', 'OM 026']","Top: Fr Civilization","",252,"False","False","",1,"O",20041,"['T 0800-0925', 'Th 0800-0920']","Topic",2004,14
"332",7934,1,486,"['FREN']","",NA,"['Wendy Allen']",200,"['OM 026', 'OM 026']","Fr World: Maghreb","",271,"False","False","",1,"O",20041,"['T 0935-1100', 'Th 0930-1050']","Research",2004,17
"333",7935,1,490,"['FREN']","",NA,"['Staff']",200,"","Academic Internship","",294,"True","False","",1,"O",20041,"","Research",2004,0
"334",7936,1,491,"['FREN']","",NA,"['Staff']",200,"","IS/","",298,"False","False","",1,"O",20041,"","Research",2004,0
"335",7937,1,491,"['FREN']","",NA,"['Staff']",200,"","IS/","",298,"False","False","A",1,"O",20041,"","Research",2004,0
"336",7938,1,492,"['FREN']","",NA,"['Herve Pensec']",300,"['OM 026', 'OM 026']","Top: Caribbean Lit","",372,"False","False","",1,"O",20041,"['T 1145-0110PM', 'Th 1245-0205PM']","Topic",2004,9
"337",7939,1,494,"['FREN']","",NA,"['Staff']",300,"","Academic Internship","",394,"True","False","",1,"O",20041,"","Research",2004,0
"338",7940,1,496,"['FREN']","",NA,"['Wendy Allen']",300,"","IR/Secularism France","",398,"False","False","",1,"O",20041,"","Research",2004,1
"339",7941,1,498,"['GE']","",NA,"['Karen Cherewatuk']",100,"['RML 421']","First-Year Writing","",111,"False","False","A",1,"C",20041,"['MWF 0905-1000']","Research",2004,20
"340",7942,1,498,"['GE']","",NA,"['Richard Buckstead']",100,"['RML 420']","First-Year Writing","",111,"False","False","B",1,"C",20041,"['MWF 1045-1140']","Research",2004,16
"341",7943,1,498,"['GE']","",NA,"['Karen Cherewatuk']",100,"['RML 420']","First-Year Writing","",111,"False","False","C",1,"C",20041,"['MWF 1150-1245PM']","Research",2004,19
"342",7944,1,498,"['GE']","",NA,"['Diane C. LeBlanc']",100,"['RML 421']","First-Year Writing","",111,"False","False","D",1,"C",20041,"['MWF 1255-0150PM']","Research",2004,19
"343",7945,1,498,"['GE']","",NA,"['Mary E. Trull']",100,"['RML 520']","First-Year Writing","",111,"False","False","E",1,"C",20041,"['MWF 1255-0150PM']","Research",2004,18
"344",7946,1,498,"['GE']","",NA,"['Jonathan Hill']",100,"['RML 421']","First-Year Writing","",111,"False","False","F",1,"C",20041,"['MWF 0200-0255PM']","Research",2004,17
"345",7947,1,498,"['GE']","",NA,"['Karen E. Marsalek']",100,"['RML 420']","First-Year Writing","",111,"False","False","G",1,"C",20041,"['MWF 0200-0255PM']","Research",2004,16
"346",7948,1,498,"['GE']","",NA,"['Mary Titus']",100,"['RML 421', 'RML 421']","First-Year Writing","",111,"False","False","H",1,"C",20041,"['T 0935-1100', 'Th 0930-1050']","Research",2004,17
"347",7949,1,498,"['GE']","",NA,"['David Wee']",100,"['RML 420', 'RML 420']","First-Year Writing","",111,"False","False","I",1,"C",20041,"['T 0935-1100', 'Th 0930-1050']","Research",2004,18
"348",7950,1,498,"['GE']","",NA,"['Mary V. Winstead']",100,"['SC 182', 'SC 182']","First-Year Writing","",111,"False","False","J",1,"C",20041,"['T 1145-0110PM', 'Th 1245-0205PM']","Research",2004,17
"349",7951,1,498,"['GE']","",NA,"['Mark Allister']",100,"['RML 421', 'RML 421']","First-Year Writing","",111,"False","False","K",1,"C",20041,"['T 1145-0110PM', 'Th 1245-0205PM']","Research",2004,20
"350",7952,1,498,"['GE']","",NA,"['Carol Holly']",100,"['RML 420', 'RML 420']","First-Year Writing","",111,"False","False","L",1,"C",20041,"['T 1145-0110PM', 'Th 1245-0205PM']","Research",2004,19
"351",7953,1,498,"['GE']","",NA,"['Eliot K. Wilson']",100,"['RML 577', 'RML 577']","First-Year Writing","",111,"False","False","M",1,"C",20041,"['T 1145-0110PM', 'Th 1245-0205PM']","Research",2004,18
"352",7954,1,498,"['GE']","",NA,"['Jon Eric Nelson']",100,"['RML 421', 'RML 421']","First-Year Writing","",111,"False","False","N",1,"C",20041,"['T 0120-0245PM', 'Th 0215-0335PM']","Research",2004,19
"353",7955,1,498,"['GE']","",NA,"['Mary V. Winstead']",100,"['SC 182', 'SC 182']","First-Year Writing","",111,"False","False","O",1,"C",20041,"['T 0120-0245PM', 'Th 0215-0335PM']","Research",2004,16
"354",7956,1,498,"['GE']","",NA,"['Mark Allister']",100,"['BMC 109', 'BMC 109']","First-Year Writing","",111,"False","False","P",1,"C",20041,"['T 0120-0245PM', 'Th 0215-0335PM']","Research",2004,18
"355",7957,1,498,"['GE']","",NA,"['Mary V. Winstead']",100,"['RML 421', 'RML 421']","First-Year Writing","",111,"False","False","Q",1,"C",20041,"['T 0800-0925', 'Th 0800-0920']","Research",2004,18
"356",7958,1,504,"['GERM']","",NA,"['Lavern Rippley']",100,"['OM 015']","Beginning German I","",111,"False","False","A",1,"O",20041,"['MWF 0800-0855']","Research",2004,17
"357",7959,1,504,"['GERM']","",NA,"['Karen R. Achberger']",100,"['OM 035']","Beginning German I","",111,"False","False","B",1,"O",20041,"['MWF 0800-0855']","Research",2004,16
"358",7960,1,505,"['GERM']","",NA,"['Karl Fink']",100,"['OM 004']","Beginning German II","",112,"False","False","",1,"O",20041,"['MWF 0800-0855']","Research",2004,24
"359",7961,1,508,"['GERM']","",NA,"['Karen R. Achberger']",200,"['OM 035']","Intermed German I","",231,"False","False","A",1,"C",20041,"['MWF 0800-0855']","Research",2004,0
"360",7962,1,508,"['GERM']","",NA,"['Karl Fink']",200,"['OM 004']","Intermed German I","",231,"False","False","B",1,"O",20041,"['MWF 0905-1000']","Research",2004,18
"361",7963,1,508,"['GERM']","",NA,"['Karen R. Achberger']",200,"['OM 035']","Intermed German I","",231,"False","False","C",1,"O",20041,"['MWF 1045-1140']","Research",2004,11
"362",7964,1,509,"['GERM']","",NA,"['Lavern Rippley']",200,"['OM 035']","Intermed German II","",232,"False","False","A",1,"O",20041,"['MWF 0905-1000']","Research",2004,12
"363",7965,1,509,"['GERM']","",NA,"['Karl Fink']",200,"['OM 004']","Intermed German II","",232,"False","False","B",1,"C",20041,"['MWF 1045-1140']","Research",2004,15
"364",7966,1,514,"['GERM']","",NA,"['Lavern Rippley']",200,"['OM 035']","Speaking German","",250,"False","False","",1,"O",20041,"['MTh 0700-0830PM']","Research",2004,15
"365",7967,1,515,"['GERM']","",NA,"['Karen R. Achberger']",200,"['OM 035']","Understg Narratives","",251,"False","False","",1,"O",20041,"['MWF 1255-0150PM']","Research",2004,10
"366",7968,1,520,"['GERM']","",NA,"['Monika Albrecht']",200,"['OM 035', 'OM 035']","Top: Colonial/Post-Col","",272,"False","False","",1,"O",20041,"['T 0935-1100', 'Th 0930-1050']","Topic",2004,8
"367",7969,1,522,"['GERM']","",NA,"['Staff']",200,"","Academic Internship","",294,"True","False","",1,"O",20041,"","Research",2004,0
"368",7970,1,523,"['GERM']","",NA,"['Staff']",200,"","IS/","",298,"False","False","",1,"O",20041,"","Research",2004,0
"369",7971,1,526,"['GERM']","",NA,"['Monika Albrecht']",300,"['OM 011']","Top: Exoticism/Racism","",372,"False","False","",1,"O",20041,"['MWF 1255-0150PM']","Topic",2004,6
"370",7972,1,529,"['GERM']","",NA,"['Staff']",300,"","Academic Internship","",394,"True","False","",1,"O",20041,"","Research",2004,0
"371",7973,1,530,"['GERM']","",NA,"['Lavern Rippley']",300,"","IR/German Americana","",398,"False","False","",1,"O",20041,"","Research",2004,1
"372",7974,1,530,"['GERM']","",NA,"['Staff']",300,"","IR/","",398,"False","False","A",1,"O",20041,"","Research",2004,0
"373",7975,1,530,"['GERM']","",NA,"['Staff']",300,"","IR/","",398,"False","False","B",1,"O",20041,"","Research",2004,0
"374",7976,1,531,"['GCON']","",NA,"['Jolene Barjasteh']",100,"['STEENSLAND']","Greeks and Hebrews","",113,"False","False","A",1,"C",20041,"['MWF 1045-1140']","Research",2004,23
"375",7977,1,531,"['GCON']","",NA,"['Diana Postlethwaite']",100,"['STEENSLAND']","Greeks and Hebrews","",113,"False","False","B",1,"C",20041,"['MWF 1045-1140']","Research",2004,23
"376",7978,1,531,"['GCON']","",NA,"['Edmund Santurri']",100,"['STEENSLAND']","Greeks and Hebrews","",113,"False","False","C",1,"C",20041,"['MWF 1045-1140']","Research",2004,23
"377",7979,1,531,"['GCON']","",NA,"['J. L. Carrington']",100,"['HH 514']","Greeks and Hebrews","",113,"False","False","D",1,"C",20041,"['MWF 1045-1140']","Research",2004,22
"378",7980,1,534,"['GCON']","",NA,"['Rebecca Judge']",200,"['HH 302']","New Forces of Secular","",217,"False","False","A",1,"C",20041,"['MWF 1150-1245PM']","Research",2004,19
"379",7981,1,534,"['GCON']","",NA,"['Colin Wells']",200,"['STEENSLAND']","New Forces of Secular","",217,"False","False","B",1,"C",20041,"['MWF 1150-1245PM']","Research",2004,20
"380",7982,1,534,"['GCON']","",NA,"['Charles Wilson']",200,"['STEENSLAND']","New Forces of Secular","",217,"False","False","C",1,"C",20041,"['MWF 1150-1245PM']","Research",2004,19
"381",7983,1,534,"['GCON']","",NA,"['Norman M. Watt']",200,"['RML 515']","New Forces of Secular","",217,"False","False","D",1,"C",20041,"['MWF 1150-1245PM']","Research",2004,20
"382",7984,1,539,"['GREEK']","",NA,"['Tarik Wareh']",100,"['OM 030']","Beginning Greek I","",111,"False","False","A",1,"C",20041,"['MWF 0800-0855']","Research",2004,20
"383",7985,1,539,"['GREEK']","",NA,"['Christopher M. Brunelle']",100,"['OM 030']","Beginning Greek I","",111,"False","False","B",1,"C",20041,"['MWF 1045-1140']","Research",2004,15
"384",7986,1,541,"['GREEK']","",NA,"['Steve T. Reece']",200,"['SH 03']","Intermediate Greek","",231,"False","False","",1,"O",20041,"['MWF 1255-0150PM']","Research",2004,14
"385",7987,1,543,"['GREEK']","",NA,"['Staff']",200,"","Academic Internship","",294,"True","False","",1,"O",20041,"","Research",2004,0
"386",7988,1,544,"['GREEK']","",NA,"['Staff']",200,"","IS/","",298,"False","False","",1,"O",20041,"","Research",2004,0
"387",7989,1,548,"['GREEK']","",NA,"['Anne Groton']",300,"['OM 003', 'OM 003']","Greek Drama","",374,"False","False","",1,"O",20041,"['T 0935-1100', 'Th 0930-1050']","Research",2004,5
"388",7990,1,550,"['GREEK']","",NA,"['Staff']",300,"","Academic Internship","",394,"True","False","",1,"O",20041,"","Research",2004,0
"389",7991,1,551,"['GREEK']","",NA,"['Staff']",300,"","IR/","",398,"False","False","",1,"O",20041,"","Research",2004,0
"390",7992,1,552,"['HIST']","",NA,"['Timothy R. Howe']",100,"['HH 301']","Ancient Warfare","",101,"False","False","",1,"C",20041,"['MWF 1255-0150PM']","Research",2004,18
"391",7993,1,556,"['HIST']","",NA,"['Robert Nichols']",100,"['HH 516', 'HH 516']","Fall/Russian Monarchy","",121,"False","False","",1,"O",20041,"['T 0800-0925', 'Th 0800-0920']","Research",2004,18
"392",7994,1,569,"['HIST']","",NA,"['Michael Fitzgerald']",100,"['HH 515']","Civil Rights Revolutn","",181,"False","False","",1,"C",20041,"['MWF 1150-1245PM']","Research",2004,21
"393",7995,1,570,"['HIST']","",NA,"['Judy Kutulas']",100,"['HH 514']","America Since WW II","",182,"False","False","",1,"C",20041,"['MWF 0905-1000']","Research",2004,19
"394",7996,1,572,"['HIST']","",NA,"['Helena Pohlandt-McCormick']",100,"['HH 516']","Top: Histories/Exile","",189,"False","False","A",1,"O",20041,"['MWF 0905-1000']","Topic",2004,14
"395",7997,1,572,"['HIST']","",NA,"['Dennis R. Hidalgo']",100,"['OM 031', 'OM 031']","Top: Caribbean History","",189,"False","False","B",1,"C",20041,"['T 0120-0245PM', 'Th 0215-0335PM']","Topic",2004,19
"396",7998,1,573,"['HIST']","",NA,"['Timothy R. Howe']",100,"['RML 577']","Eur/Anc/Renaissance","",190,"False","False","",1,"C",20041,"['MWF 1045-1140']","Research",2004,28
"397",7999,1,577,"['HIST']","",NA,"['Steven C. Hahn']",100,"['HH 403']","America to 1865","",198,"False","False","A",1,"C",20041,"['MWF 0905-1000']","Research",2004,33
"398",8000,1,577,"['HIST']","",NA,"['Steven C. Hahn']",100,"['HH 403']","America to 1865","",198,"False","False","B",1,"C",20041,"['MWF 1045-1140']","Research",2004,32
"399",8001,1,581,"['HIST']","",NA,"['Timothy R. Howe']",200,"['OM 031', 'OM 031']","Ancient: Greece","",203,"False","False","",1,"C",20041,"['T 1145-0110PM', 'Th 1245-0205PM']","Research",2004,29
"400",8002,1,589,"['HIST']","",NA,"['J. L. Carrington']",200,"['HH 307']","Reformation Europe","",218,"False","False","",1,"O",20041,"['MWF 1255-0150PM']","Research",2004,25
"401",8003,1,591,"['HIST']","",NA,"['Todd W. Nichol']",200,"['HH 317', 'HH 317']","Modern Scandinavia","",222,"False","False","",1,"O",20041,"['T 0935-1100', 'Th 0930-1050']","Research",2004,22
"403",8005,1,593,"['HIST']","",NA,"['Dolores Peters']",200,"['HH 403']","Modern France","",226,"False","False","",1,"O",20041,"['MWF 1150-1245PM']","Research",2004,22
"405",8007,1,595,"['HIST']","",NA,"['Robert Nichols']",200,"['HH 307']","Imperial Russia","",230,"False","False","",1,"O",20041,"['MWF 0200-0255PM']","Research",2004,23
"407",8009,1,608,"['HIST']","",NA,"['Robert Entenmann']",200,"['HH 317']","Chinese Civilization","",250,"False","False","",1,"O",20041,"['MWF 0905-1000']","Research",2004,34
"409",8011,1,611,"['HIST']","",NA,"['Robert Entenmann']",200,"['HH 301', 'HH 301']","Modern Japan","",253,"False","False","",1,"O",20041,"['T 0800-0925', 'Th 0800-0920']","Research",2004,15
"410",8012,1,612,"['HIST']","",NA,"['Helena Pohlandt-McCormick']",200,"['HH 307']","South Africa","",260,"False","False","",1,"C",20041,"['MWF 1150-1245PM']","Research",2004,33
"411",8013,1,616,"['HIST']","",NA,"['Judy Kutulas']",200,"['HH 501']","Women in America","",272,"False","False","",1,"C",20041,"['MWF 1045-1140']","Research",2004,34
"412",8014,1,621,"['HIST']","",NA,"['Michael Fitzgerald']",200,"['RML 577', 'RML 577']","Civil War/Reconstruct","",288,"False","False","",1,"O",20041,"['T 0935-1100', 'Th 0930-1050']","Research",2004,34
"413",8015,1,624,"['HIST']","",NA,"['Staff']",200,"","Academic Internship","",294,"True","False","",1,"O",20041,"","Research",2004,0
"414",8016,1,625,"['HIST']","",NA,"['Staff']",200,"","IS/","",298,"False","False","",1,"O",20041,"","Research",2004,0
"415",8017,1,632,"['HIST']","",NA,"['Dolores Peters']",300,"['HH 514', 'HH 514']","Sem: Race/Gender/Med","",320,"False","False","",1,"O",20041,"['T 0120-0245PM', 'Th 0215-0335PM']","Seminar",2004,10
"416",8018,1,638,"['HIST']","",NA,"['James Farrell']",300,"['HH 514']","Sem: Consumer Culture","",370,"False","False","A",1,"C",20041,"['MWF 0200-0255PM']","Seminar",2004,24
"417",8019,1,638,"['HIST']","",NA,"['Michael Fitzgerald']",300,"['RML 577', 'RML 577']","Sem: 19th C Soc Histor","",370,"False","False","B",1,"O",20041,"['T 0120-0245PM', 'Th 0215-0335PM']","Seminar",2004,16
"418",8020,1,640,"['HIST']","",NA,"['Staff']",300,"","Academic Internship","",394,"True","False","",1,"O",20041,"","Research",2004,0
"419",8021,1,641,"['HIST']","",NA,"['J. L. Carrington']",300,"['HH 515', 'HH 515']","Sem: Senior Thesis","",396,"False","False","",1,"O",20041,"['T 1145-0110PM', 'Th 1245-0205PM']","Seminar",2004,11
"420",8022,1,642,"['HIST']","",NA,"['Helena Pohlandt-McCormick']",300,"","IR/Whites in Congo","",398,"False","False","",1,"O",20041,"","Research",2004,1
"421",8023,1,642,"['HIST']","",NA,"['J. L. Carrington']",300,"","IR/The Carolingians","",398,"False","False","A",1,"O",20041,"","Research",2004,1
"422",8024,1,642,"['HIST']","",NA,"['Michael Fitzgerald']",300,"","IR/Marcus Garvey","",398,"False","False","B",1,"O",20041,"","Research",2004,1
"423",8025,1,642,"['HIST']","",NA,"['Todd W. Nichol']",300,"","IR/Norse Christianity","",398,"False","False","C",1,"O",20041,"","Research",2004,1
"424",8026,1,642,"['HIST']","",NA,"['Staff']",300,"","IR/","",398,"False","False","D",1,"O",20041,"","Research",2004,0
"429",8031,1,648,"['FAMST']","",NA,"['C. George Holt']",200,"['BMC 111', 'BMC 111']","Intro: Family Studies","",232,"False","False","",1,"C",20041,"['T 0935-1100', 'Th 0930-1050']","Research",2004,28
"430",8032,1,651,"['FAMST']","",NA,"['C. George Holt']",200,"['HH 501', 'HH 501']","Human Sexuality","",253,"False","False","A",1,"C",20041,"['T 1145-0110PM', 'Th 1245-0205PM']","Research",2004,34
"431",8033,1,651,"['FAMST']","",NA,"['C. George Holt']",200,"['HH 501', 'HH 501']","Human Sexuality","",253,"False","False","B",1,"C",20041,"['T 0120-0245PM', 'Th 0215-0335PM']","Research",2004,34
"432",8034,1,653,"['FAMST']","",NA,"['Staff']",200,"","Academic Internship","",294,"True","False","",1,"O",20041,"","Research",2004,0
"433",8035,1,654,"['FAMST']","",NA,"['Staff']",200,"","IS/","",298,"False","False","",1,"O",20041,"","Research",2004,0
"434",8036,1,656,"['FAMST']","",NA,"['Staff']",300,"","Academic Internship","",394,"True","False","",1,"O",20041,"","Research",2004,0
"435",8037,1,658,"['JAPAN']","",NA,"['Rika Ito']",100,"['OM 002', 'OM 002']","Beginning Japanese I","",111,"False","False","A",1,"O",20041,"['MWF 1045-1140', 'T 0200-0255PM']","Research",2004,6
"436",8038,1,658,"['JAPAN']","",NA,"['Rika Ito']",100,"['OM 002', 'OM 002']","Beginning Japanese I","",111,"False","False","B",1,"O",20041,"['MWF 1150-1245PM', 'T 0305-0400PM']","Research",2004,10
"437",8039,1,658,"['JAPAN']","",NA,"['Rika Ito']",100,"['OM 002', 'OM 002']","Beginning Japanese I","",111,"False","False","C",1,"O",20041,"['MWF 1045-1140', 'T 0305-0400PM']","Research",2004,8
"438",8040,1,658,"['JAPAN']","",NA,"['Rika Ito']",100,"['OM 002', 'OM 002']","Beginning Japanese I","",111,"False","False","D",1,"O",20041,"['MWF 1150-1245PM', 'T 0200-0255PM']","Research",2004,9
"439",8041,1,662,"['JAPAN']","",NA,"['Phyllis Hyland Larson']",200,"['OM 002', 'RML 250']","Intermed Japanese I","",231,"False","False","",1,"O",20041,"['MWF 1255-0150PM', 'T 0305-0400PM']","Research",2004,22
"440",8042,1,666,"['JAPAN']","",NA,"['Rika Ito']",200,"['OM 030']","Advanced Japanese I","",251,"False","False","",1,"O",20041,"['MWF 0200-0255PM']","Research",2004,11
"441",8043,1,668,"['JAPAN']","",NA,"['Staff']",200,"","Academic Internship","",294,"True","False","",1,"O",20041,"","Research",2004,0
"442",8044,1,669,"['JAPAN']","",NA,"['Phyllis Hyland Larson']",200,"","IS/Comm in Japanese","",298,"False","False","",1,"O",20041,"","Research",2004,1
"443",8045,1,669,"['JAPAN']","",NA,"['Rika Ito']",200,"","IS/Japan Proficiency","",298,"False","False","A",1,"O",20041,"","Research",2004,1
"444",8046,1,670,"['JAPAN']","",NA,"['Staff']",300,"","Academic Internship","",394,"True","False","",1,"O",20041,"","Research",2004,0
"445",8047,1,671,"['JAPAN']","",NA,"['Staff']",300,"","IR/","",398,"False","False","",1,"O",20041,"","Research",2004,0
"446",8048,1,682,"['IS']","",NA,"['Gary C. Gisselman']",200,"['TB 227']","Top: Am Musical Theatr","",211,"False","False","",1,"C",20041,"['MWF 1045-1140']","Topic",2004,23
"448",8050,1,686,"['IS']","",NA,"['Staff']",200,"","Academic Internship","",294,"True","False","",1,"O",20041,"","Research",2004,0
"449",8051,1,687,"['IS']","",NA,"['David Booth']",200,"","IS/Bi-Cultural Study","",298,"False","False","",1,"O",20041,"","Research",2004,1
"451",8053,1,689,"['IS']","",NA,"['William Sonnega']",300,"","Senior Project I","",391,"True","False","A",1,"O",20041,"","Research",2004,1
"452",8054,1,689,"['IS']","",NA,"['David Van Wylen']",300,"","Senior Project I","",391,"True","False","B",1,"O",20041,"","Research",2004,1
"453",8055,1,689,"['IS']","",NA,"['James McKeel']",300,"","Senior Project I","",391,"True","False","C",1,"O",20041,"","Research",2004,1
"454",8056,1,689,"['IS']","",NA,"['David Schodt']",300,"","Senior Project I","",391,"True","False","D",1,"O",20041,"","Research",2004,1
"455",8057,1,689,"['IS']","",NA,"['Marc Robinson']",300,"","Senior Project I","",391,"True","False","E",1,"O",20041,"","Research",2004,1
"456",8058,1,689,"['IS']","",NA,"['Gary Wicks']",300,"","Senior Project I","",391,"True","False","F",1,"O",20041,"","Research",2004,1
"457",8059,1,689,"['IS']","",NA,"['Sheryl D. Breen']",300,"","Senior Project I","",391,"True","False","G",1,"O",20041,"","Research",2004,1
"458",8060,1,689,"['IS']","",NA,"['Karen Wilson']",300,"","Senior Project I","",391,"True","False","H",1,"O",20041,"","Research",2004,1
"459",8061,1,691,"['IS']","",NA,"['Staff']",300,"","Academic Internship","",394,"True","False","",1,"O",20041,"","Research",2004,0
"460",8062,1,692,"['IS']","",NA,"['Staff']",300,"","IR/","",398,"False","False","",1,"O",20041,"","Research",2004,0
"461",8063,1,692,"['IS']","",NA,"['Staff']",300,"","IR/","",398,"False","False","A",1,"O",20041,"","Research",2004,0
"463",8066,1,707,"['ID']","",NA,"['Staff']",200,"","Academic Internship","",294,"True","False","",1,"O",20041,"","Research",2004,0
"464",8067,1,708,"['ID']","",NA,"['Staff']",200,"","IS/","",298,"False","False","",1,"O",20041,"","Research",2004,0
"465",8068,1,709,"['ID']","",NA,"['Staff']",300,"","Academic Internship","",394,"True","False","",1,"O",20041,"","Research",2004,0
"466",8069,1,710,"['ID']","",NA,"['Jeanine Grenberg']",300,"","IR/Kant-Crit P Reason","",398,"False","False","",1,"O",20041,"","Research",2004,1
"467",8070,1,710,"['ID']","",NA,"['Dana Gross']",300,"","IR/Esl Classroom","",398,"False","False","A",1,"O",20041,"","Research",2004,1
"468",8071,1,711,"['LATIN']","",NA,"['Steve T. Reece']",100,"['OM 031']","Beginning Latin I","",111,"False","False","A",1,"C",20041,"['MWF 0800-0855']","Research",2004,25
"469",8072,1,711,"['LATIN']","",NA,"['Christopher M. Brunelle']",100,"['OM 031']","Beginning Latin I","",111,"False","False","B",1,"C",20041,"['MWF 1150-1245PM']","Research",2004,28
"470",8073,1,713,"['LATIN']","",NA,"['Anne Groton']",200,"['OM 031']","Intermediate Latin","",231,"False","False","A",1,"O",20041,"['MWF 0905-1000']","Research",2004,23
"471",8074,1,713,"['LATIN']","",NA,"['Anne Groton']",200,"['OM 031']","Intermediate Latin","",231,"False","False","B",1,"O",20041,"['MWF 0200-0255PM']","Research",2004,20
"472",8075,1,716,"['LATIN']","",NA,"['Staff']",200,"","Academic Internship","",294,"True","False","",1,"O",20041,"","Research",2004,0
"473",8076,1,717,"['LATIN']","",NA,"['Staff']",200,"","IS/","",298,"False","False","",1,"O",20041,"","Research",2004,0
"474",8077,1,721,"['LATIN']","",NA,"['James May']",300,"['OM 004', 'OM 004']","Lucretius/Lat Poetry","",373,"False","False","",1,"O",20041,"['T 0120-0245PM', 'Th 0215-0335PM']","Research",2004,13
"475",8078,1,725,"['LATIN']","",NA,"['Staff']",300,"","Academic Internship","",394,"True","False","",1,"O",20041,"","Research",2004,0
"476",8079,1,726,"['LATIN']","",NA,"['Staff']",300,"","IR/","",398,"False","False","",1,"O",20041,"","Research",2004,0
"515",8118,1,768,"['MGMT']","",NA,"['Mary Ann Emery']",200,"['HH 301']","Principles of Acct","",225,"False","False","A",1,"C",20041,"['MWF 1045-1140']","Research",2004,28
"516",8119,1,768,"['MGMT']","",NA,"['Mary Ann Emery']",200,"['HH 301']","Principles of Acct","",225,"False","False","B",1,"C",20041,"['MWF 0905-1000']","Research",2004,33
"517",8120,1,769,"['MGMT']","",NA,"['Kathy C. Thomforde']",200,"['HH 301', 'HH 301']","Arts Management","",229,"False","False","",1,"C",20041,"['T 0120-0245PM', 'Th 0215-0335PM']","Research",2004,22
"518",8121,1,774,"['MGMT']","",NA,"['Richard Goedde']",200,"['HH 413']","Managerial/Cost Acct","",237,"False","False","",1,"C",20041,"['MWF 1150-1245PM']","Research",2004,25
"519",8122,1,777,"['MGMT']","",NA,"['Sian E. Muir']",200,"['HH 403']","Marketing","",250,"False","False","",1,"C",20041,"['Th 0700-1000PM']","Research",2004,20
"520",8123,1,778,"['MGMT']","",NA,"['Siriwan Chutikamoltham']",200,"['HH 403', 'HH 403']","Management","",251,"False","False","A",1,"C",20041,"['T 1145-0110PM', 'Th 1245-0205PM']","Research",2004,24
"521",8124,1,778,"['MGMT']","",NA,"['Siriwan Chutikamoltham']",200,"['HH 403', 'HH 403']","Management","",251,"False","False","B",1,"O",20041,"['T 0120-0245PM', 'Th 0215-0335PM']","Research",2004,13
"522",8125,1,782,"['MGMT']","",NA,"['Mary Ann Emery']",200,"['OM 035', 'OM 035']","Intermed Acct Theory","",259,"False","False","",1,"O",20041,"['T 0800-0925', 'Th 0800-0920']","Research",2004,14
"523",8126,1,783,"['MGMT']","",NA,"['Siriwan Chutikamoltham']",200,"['HH 302', 'HH 302']","Corporate Finance","",281,"False","False","",1,"O",20041,"['T 0935-1100', 'Th 0930-1050']","Research",2004,21
"524",8127,1,784,"['MGMT']","",NA,"['Staff']",200,"","Academic Internship","",294,"True","False","",1,"O",20041,"","Research",2004,0
"525",8128,1,784,"['MGMT']","",NA,"['Staff']",200,"","Academic Internship","",294,"True","False","A",1,"O",20041,"","Research",2004,0
"526",8129,1,784,"['MGMT']","",NA,"['Staff']",200,"","Academic Internship","",294,"True","False","B",1,"O",20041,"","Research",2004,0
"527",8130,1,785,"['MGMT']","",NA,"['Staff']",200,"","IS/","",298,"False","False","",1,"O",20041,"","Research",2004,0
"528",8131,1,785,"['MGMT']","",NA,"['Staff']",200,"","IS/","",298,"False","False","A",1,"O",20041,"","Research",2004,0
"529",8132,1,788,"['MGMT']","",NA,"['Staff']",300,"","Academic Internship","",394,"True","False","",1,"O",20041,"","Research",2004,0
"530",8133,1,789,"['MGMT']","",NA,"['Siriwan Chutikamoltham']",300,"","IR/Real Estate Econ","",398,"False","False","",1,"O",20041,"","Research",2004,1
"531",8134,1,789,"['MGMT']","",NA,"['Mary Ann Emery']",300,"","IR/Intermed Acct II","",398,"False","False","A",1,"O",20041,"","Research",2004,1
"532",8135,1,789,"['MGMT']","",NA,"['Richard Goedde']",300,"","IR/Investments","",398,"False","False","B",1,"O",20041,"","Research",2004,1
"533",8136,1,789,"['MGMT']","",NA,"['Richard Goedde']",300,"","IR/Investment System","",398,"False","False","C",1,"O",20041,"","Research",2004,1
"534",8137,1,792,"['MEDIA']","",NA,"['William Sonnega']",100,"['TB 216', 'TB 216']","Mass Media","",160,"False","False","",1,"C",20041,"['T 0935-1100', 'Th 0930-1050']","Research",2004,28
"535",8138,1,795,"['MEDIA']","",NA,"['William Sonnega']",200,"","Academic Internship","",294,"True","False","",1,"O",20041,"","Research",2004,2
"536",8139,1,795,"['MEDIA']","",NA,"['Terry J. Fitzgerald']",200,"","Academic Internship","",294,"True","False","A",1,"O",20041,"","Research",2004,0
"537",8140,1,796,"['MEDIA']","",NA,"['Staff']",200,"","IS/","",298,"False","False","",1,"O",20041,"","Research",2004,0
"538",8141,1,798,"['MEDIA']","",NA,"['Judy Kutulas']",300,"","IR/Women in the Media","",398,"False","False","",1,"O",20041,"","Research",2004,1
"564",8167,1,822,"['MUSIC']","",NA,"['Mary Childs']",200,"['CHM 232']","Composition I","",223,"False","False","",1,"O",20041,"['MWF 1150-1245PM']","Research",2004,10
"565",8168,1,829,"['MUSIC']","",NA,"['David Hagedorn']",200,"['CHM 233']","World Music","",237,"False","False","",1,"C",20041,"['MWF 1045-1140']","Research",2004,60
"566",8169,1,831,"['MUSIC']","",NA,"['Gerald Hoekstra']",200,"['CHM 239']","Hist & Lit Music I","",241,"False","False","A",1,"C",20041,"['MWF 1255-0150PM']","Research",2004,35
"567",8170,1,831,"['MUSIC']","",NA,"['Gerald Hoekstra']",200,"['CHM 239']","Hist & Lit Music I","",241,"False","False","B",1,"C",20041,"['MWF 0200-0255PM']","Research",2004,33
"573",8176,1,846,"['MUSIC']","",NA,"['Staff']",200,"","Academic Internship","",294,"True","False","",1,"O",20041,"","Research",2004,0
"574",8177,1,847,"['MUSIC']","",NA,"['Justin W. Merritt']",200,"","IS/Composition Study","",298,"False","False","",1,"O",20041,"","Research",2004,1
"575",8178,1,847,"['MUSIC']","",NA,"['Staff']",200,"","IS/","",298,"False","False","A",1,"O",20041,"","Research",2004,0
"578",8181,1,851,"['MUSIC']","",NA,"['Timothy Mahr']",300,"['CHM 232']","Composition II","",324,"False","False","",1,"O",20041,"['MWF 0200-0255PM']","Research",2004,5
"579",8182,1,852,"['MUSIC']","",NA,"['Timothy Mahr']",300,"['CHM 232']","Composition III","",325,"False","False","",1,"C",20041,"['MWF 0200-0255PM']","Research",2004,3
"580",8183,1,856,"['MUSIC']","",NA,"['Alice Hanson']",300,"['CHM 239']","Music of 20th Century","",344,"False","False","",1,"C",20041,"['MWF 0905-1000']","Research",2004,32
"581",8184,1,857,"['MUSIC']","",NA,"['Alice Hanson']",300,"['CHM 233']","Top: St in Class Music","",345,"False","False","",1,"O",20041,"['MWF 0200-0255PM']","Topic",2004,11
"587",8190,1,865,"['MUSIC']","",NA,"['Staff']",300,"","Academic Internship","",394,"True","False","",1,"O",20041,"","Research",2004,0
"588",8191,1,866,"['MUSIC']","",NA,"['Staff']",300,"","IR/","",398,"False","False","",1,"O",20041,"","Research",2004,0
"589",8192,1,866,"['MUSIC']","",NA,"['Staff']",300,"","IR/","",398,"False","False","A",1,"O",20041,"","Research",2004,0
"590",8193,1,921,"['NORW']","",NA,"['Nancy Aarsvold']",100,"['OM 015']","Beginning Norwegian I","",111,"False","False","A",1,"C",20041,"['MWF 0905-1000']","Research",2004,23
"591",8194,1,921,"['NORW']","",NA,"[""Margaret H. O'Leary""]",100,"['OM 015']","Beginning Norwegian I","",111,"False","False","B",1,"O",20041,"['MWF 1045-1140']","Research",2004,24
"592",8195,1,921,"['NORW']","",NA,"[""Margaret H. O'Leary""]",100,"['OM 015']","Beginning Norwegian I","",111,"False","False","C",1,"O",20041,"['MWF 1150-1245PM']","Research",2004,22
"593",8196,1,921,"['NORW']","",NA,"['Nancy Aarsvold']",100,"['OM 015']","Beginning Norwegian I","",111,"False","False","D",1,"O",20041,"['MWF 1255-0150PM']","Research",2004,19
"594",8197,1,926,"['NORW']","",NA,"['Anne G. Sabo']",200,"['OM 011']","Intermed Norwegian I","",231,"False","False","A",1,"O",20041,"['MWF 0905-1000']","Research",2004,12
"595",8198,1,926,"['NORW']","",NA,"['Nancy Aarsvold']",200,"['OM 011']","Intermed Norwegian I","",231,"False","False","B",1,"C",20041,"['MWF 1150-1245PM']","Research",2004,23
"596",8199,1,926,"['NORW']","",NA,"[""Margaret H. O'Leary""]",200,"['OM 015']","Intermed Norwegian I","",231,"False","False","C",1,"C",20041,"['MWF 0200-0255PM']","Research",2004,23
"597",8200,1,928,"['NORW']","",NA,"['Anne G. Sabo']",200,"['OM 015', 'OM 015']","Nordic Literature-Tr","",233,"False","False","",1,"O",20041,"['T 0935-1100', 'Th 0930-1050']","Research",2004,9
"598",8201,1,930,"['NORW']","",NA,"['Solveig Zempel']",200,"['OM 015', 'OM 015']","Advanced Conv & Comp","",253,"False","False","",1,"O",20041,"['T 0800-0925', 'Th 0800-0920']","Research",2004,7
"599",8202,1,931,"['NORW']","",NA,"['Staff']",200,"","Academic Internship","",294,"True","False","",1,"O",20041,"","Research",2004,0
"600",8203,1,932,"['NORW']","",NA,"['Staff']",200,"","IS/","",298,"False","False","",1,"O",20041,"","Research",2004,0
"601",8204,1,932,"['NORW']","",NA,"['Staff']",200,"","IS/","",298,"False","False","A",1,"O",20041,"","Research",2004,0
"602",8205,1,933,"['NORW']","",NA,"['Anne G. Sabo']",300,"['OM 011']","Norsk Lit Til 1890","",371,"False","False","",1,"O",20041,"['MWF 0200-0255PM']","Research",2004,4
"603",8206,1,936,"['NORW']","",NA,"['Staff']",300,"","Academic Internship","",394,"True","False","",1,"O",20041,"","Research",2004,0
"604",8207,1,937,"['NORW']","",NA,"['Staff']",300,"","IR/","",398,"False","False","",1,"O",20041,"","Research",2004,0
"605",8208,1,937,"['NORW']","",NA,"['Staff']",300,"","IR/","",398,"False","False","A",1,"O",20041,"","Research",2004,0
"606",8209,1,937,"['NORW']","",NA,"['Staff']",300,"","IR/","",398,"False","False","B",1,"O",20041,"","Research",2004,0
"607",8210,1,939,"['NURS']","",NA,"['Robert Hauck']",100,"['SAC 112', 'SAC 112']","Nutrition & Wellness","",110,"False","False","",1,"C",20041,"['T 0935-1100', 'Th 0930-1050']","Research",2004,35
"608",8211,1,942,"['NURS']","",NA,"['Staff']",200,"","Academic Internship","",294,"True","False","",1,"O",20041,"","Research",2004,0
"609",8212,1,943,"['NURS']","",NA,"['Judith Sateren']",200,"","IS/Depression Aging","",298,"False","False","",1,"O",20041,"","Research",2004,1
"610",8213,1,943,"['NURS']","",NA,"['Staff']",200,"","IS/","",298,"False","False","A",1,"O",20041,"","Research",2004,0
"611",8214,1,943,"['NURS']","",NA,"['Staff']",200,"","IS/","",298,"False","False","B",1,"O",20041,"","Research",2004,0
"613",8216,1,949,"['NURS']","",NA,"['Carol H. Austin', 'Diana Neal']",300,"['HH 215', 'HH 215']","Application/Nurs Conc","",320,"False","False","",1,"C",20041,"['MWF 1045-1140', 'TTh 0730-0100PM']","Research",2004,20
"615",8218,1,961,"['NURS']","",NA,"['Staff']",300,"","Academic Internship","",394,"True","False","",1,"O",20041,"","Research",2004,0
"616",8219,1,963,"['NURS']","",NA,"['Staff']",300,"","IR/","",398,"False","False","",1,"O",20041,"","Research",2004,0
"617",8220,1,964,"['PHIL']","",NA,"['Jennifer C. Manion']",100,"['HH 515']","Making of Modern Mind","",118,"False","False","A",1,"C",20041,"['MWF 1045-1140']","Research",2004,22
"618",8221,1,964,"['PHIL']","",NA,"['Jennifer C. Manion']",100,"['HH 515']","Making of Modern Mind","",118,"False","False","B",1,"C",20041,"['MWF 1255-0150PM']","Research",2004,21
"619",8222,1,965,"['PHIL']","",NA,"['Jeanine Grenberg']",100,"['HH 515', 'HH 515']","Moral Psychology","",119,"False","False","A",1,"C",20041,"['T 0800-0925', 'Th 0800-0920']","Research",2004,27
"620",8223,1,965,"['PHIL']","",NA,"['Jeanine Grenberg']",100,"['HH 516']","Moral Psychology","",119,"False","False","B",1,"C",20041,"['MWF 0800-0855']","Research",2004,23
"621",8224,1,969,"['PHIL']","",NA,"['Anthony J. Rudd']",200,"['HH 516', 'HH 516']","Kierkegaard","",233,"False","False","",1,"C",20041,"['T 1145-0110PM', 'Th 1245-0205PM']","Research",2004,22
"622",8225,1,970,"['PHIL']","",NA,"['Vicki L. Harper']",200,"['OM 030']","Ancient & Medieval","",235,"False","False","",1,"C",20041,"['MWF 1150-1245PM']","Research",2004,27
"623",8226,1,973,"['PHIL']","",NA,"['Elizabeth C. Galbraith']",200,"['SH 02', 'SH 02']","Phil Theology","",241,"False","False","A",1,"C",20041,"['T 1145-0110PM', 'Th 1245-0205PM']","Research",2004,22
"624",8227,1,973,"['PHIL']","",NA,"['Elizabeth C. Galbraith']",200,"['SH 02', 'SH 02']","Phil Theology","",241,"False","False","B",1,"C",20041,"['T 0120-0245PM', 'Th 0215-0335PM']","Research",2004,24
"625",8228,1,977,"['PHIL']","",NA,"['Karen Gervais']",200,"['HH 413', 'HH 413']","Biomedical Ethics","",250,"False","False","",1,"C",20041,"['T 0800-0925', 'Th 0800-0920']","Research",2004,24
"626",8229,1,979,"['PHIL']","",NA,"['Vicki L. Harper']",200,"['OM 030', 'OM 030']","Ethics/The Good Life","",252,"False","False","A",1,"C",20041,"['T 0120-0245PM', 'Th 0215-0335PM']","Research",2004,22
"627",8230,1,979,"['PHIL']","",NA,"['Vicki L. Harper']",200,"['HH 301']","Ethics/The Good Life","",252,"False","False","B",1,"C",20041,"['MWF 0200-0255PM']","Research",2004,27
"628",8231,1,982,"['PHIL']","",NA,"['Paola L. Kindred']",200,"['HH 516']","Environmental Ethics","",257,"False","False","A",1,"O",20041,"['MWF 1045-1140']","Research",2004,22
"629",8232,1,982,"['PHIL']","",NA,"['Paola L. Kindred']",200,"['HH 516']","Environmental Ethics","",257,"False","False","B",1,"O",20041,"['MWF 1150-1245PM']","Research",2004,24
"630",8233,1,985,"['PHIL']","",NA,"['Staff']",200,"","Academic Internship","",294,"True","False","",1,"O",20041,"","Research",2004,0
"631",8234,1,986,"['PHIL']","",NA,"['Staff']",200,"","IS/","",298,"False","False","",1,"O",20041,"","Research",2004,0
"632",8235,1,986,"['PHIL']","",NA,"['Staff']",200,"","IS/","",298,"False","False","A",1,"O",20041,"","Research",2004,0
"633",8236,1,987,"['PHIL']","",NA,"['Anthony J. Rudd']",300,"['HH 516', 'HH 516']","Studies: Epistemology","",371,"False","False","",1,"C",20041,"['T 0935-1100', 'Th 0930-1050']","Research",2004,12
"634",8237,1,990,"['PHIL']","",NA,"['Jeanine Grenberg']",300,"['HH 516', 'HH 516']","St: 17th Cent Freedom","",374,"False","False","",1,"O",20041,"['T 0120-0245PM', 'Th 0215-0335PM']","Research",2004,7
"635",8238,1,992,"['PHIL']","",NA,"['Staff']",300,"","Academic Internship","",394,"True","False","",1,"O",20041,"","Research",2004,0
"636",8239,1,993,"['PHIL']","",NA,"['Charles Taliaferro']",300,"","IR/Christian Progress","",398,"False","False","",1,"O",20041,"","Research",2004,1
"637",8240,1,993,"['PHIL']","",NA,"['Vicki L. Harper']",300,"","IR/Christian Phil","",398,"False","False","A",1,"O",20041,"","Research",2004,1
"638",8241,1,993,"['PHIL']","",NA,"['Vicki L. Harper']",300,"","IR/Aristotle","",398,"False","False","B",1,"O",20041,"","Research",2004,1
"639",8242,1,993,"['PHIL']","",NA,"['Staff']",300,"","IR/","",398,"False","False","C",1,"O",20041,"","Research",2004,0
"640",8243,1,993,"['PHIL']","",NA,"['Staff']",300,"","IR/","",398,"False","False","D",1,"O",20041,"","Research",2004,0
"641",8244,1,993,"['PHIL']","",NA,"['Staff']",300,"","IR/","",398,"False","False","E",1,"O",20041,"","Research",2004,0
"642",8245,1,993,"['PHIL']","",NA,"['Staff']",300,"","IR/","",398,"False","False","F",1,"O",20041,"","Research",2004,0
"643",8246,1,993,"['PHIL']","",NA,"['Staff']",300,"","IR/","",398,"False","False","G",1,"O",20041,"","Research",2004,0
"644",8247,1,993,"['PHIL']","",NA,"['Staff']",300,"","IR/","",398,"False","False","H",1,"O",20041,"","Research",2004,0
"645",8248,1,993,"['PHIL']","",NA,"['Staff']",300,"","IR/","",398,"False","False","I",1,"O",20041,"","Research",2004,0
"682",8285,1,1057,"['PETH']","",NA,"['Staff']",200,"","Academic Internship","",294,"True","False","",1,"O",20041,"","Research",2004,0
"683",8286,1,1058,"['PETH']","",NA,"['Staff']",200,"","IS/","",298,"False","False","",1,"O",20041,"","Research",2004,0
"685",8288,1,1062,"['PETH']","",NA,"['William Sean Goldsworthy']",300,"['SAC 103', 'SAC 103']","Biomechanics","",374,"False","False","",1,"O",20041,"['MWF 1045-1140', 'Th 0800-1050']","Research",2004,13
"686",8289,1,1066,"['PETH']","",NA,"['Cynthia Book']",300,"['SAC 103']","Exercise Sci Seminar","",390,"False","False","",1,"O",20041,"['MWF 0905-1000']","Research",2004,11
"687",8290,1,1067,"['PETH']","",NA,"['Staff']",300,"","Academic Internship","",394,"True","False","",1,"O",20041,"","Research",2004,0
"688",8291,1,1068,"['PETH']","",NA,"['Staff']",300,"","IR/","",398,"False","False","",1,"O",20041,"","Research",2004,0
"715",8318,1,1103,"['PSCI']","",NA,"['Donald I. Ostrom']",100,"['HH 403']","American Politics","",111,"False","False","A",1,"C",20041,"['MWF 1255-0150PM']","Research",2004,39
"716",8319,1,1103,"['PSCI']","",NA,"['Donald I. Ostrom']",100,"['HH 403']","American Politics","",111,"False","False","B",1,"O",20041,"['MWF 0200-0255PM']","Research",2004,31
"717",8320,1,1105,"['PSCI']","",NA,"['William A. Gorton']",100,"['DC 305', 'DC 305']","Intro: Pol Theory","",113,"False","False","A",1,"C",20041,"['T 0800-0925', 'Th 0800-0920']","Research",2004,35
"718",8321,1,1105,"['PSCI']","",NA,"['William A. Gorton']",100,"['SC 130', 'SC 130']","Intro: Pol Theory","",113,"False","False","B",1,"C",20041,"['T 0935-1100', 'Th 0930-1050']","Research",2004,34
"719",8322,1,1110,"['PSCI']","",NA,"['Stephen B. Dyson']",100,"['HH 501']","Intl Relations","",121,"False","False","A",1,"C",20041,"['MWF 1150-1245PM']","Research",2004,35
"720",8323,1,1110,"['PSCI']","",NA,"['Stephen B. Dyson']",100,"['HH 317']","Intl Relations","",121,"False","False","B",1,"O",20041,"['MWF 1255-0150PM']","Research",2004,32
"721",8324,1,1113,"['PSCI']","",NA,"['Sheryl D. Breen']",200,"['BMC 101']","Analyzing Politics","",220,"False","False","A",1,"C",20041,"['MWF 0800-0855']","Research",2004,22
"722",8325,1,1113,"['PSCI']","",NA,"['Sheryl D. Breen']",200,"['BMC 101']","Analyzing Politics","",220,"False","False","B",1,"C",20041,"['MWF 0905-1000']","Research",2004,19
"723",8326,1,1119,"['PSCI']","",NA,"['D Christopher Brooks']",200,"['SH 02']","Distributive Justice","",249,"False","False","A",1,"C",20041,"['MWF 0800-0855']","Research",2004,23
"724",8327,1,1119,"['PSCI']","",NA,"['D Christopher Brooks']",200,"['SH 02']","Distributive Justice","",249,"False","False","B",1,"C",20041,"['MWF 0905-1000']","Research",2004,25
"725",8328,1,1122,"['PSCI']","",NA,"['Kristina Thalhammer']",200,"['OM 035', 'OM 035']","Politics & Developmnt","",252,"False","False","",1,"C",20041,"['T 0120-0245PM', 'Th 0215-0335PM']","Research",2004,22
"726",8329,1,1125,"['PSCI']","",NA,"['Donald I. Ostrom']",200,"['HH 302']","Parties & Elections","",255,"False","False","",1,"C",20041,"['MWF 1045-1140']","Research",2004,22
"727",8330,1,1127,"['PSCI']","",NA,"['Kristina Thalhammer']",200,"['HH 413', 'HH 413']","Us/Latin Am Relations","",257,"False","False","",1,"O",20041,"['T 0935-1100', 'Th 0930-1050']","Research",2004,22
"728",8331,1,1134,"['PSCI']","",NA,"['William A. Gorton']",200,"['SC 130', 'SC 130']","Am Constitutional Law","",272,"False","False","",1,"C",20041,"['T 0120-0245PM', 'Th 0215-0335PM']","Research",2004,27
"729",8332,1,1139,"['PSCI']","",NA,"['Sheryl D. Breen']",200,"","Academic Internship","",294,"True","False","",1,"O",20041,"","Research",2004,1
"730",8333,1,1139,"['PSCI']","",NA,"['Staff']",200,"","Academic Internship","",294,"True","False","A",1,"O",20041,"","Research",2004,0
"731",8334,1,1141,"['PSCI']","",NA,"['Katherine S. Tegtmeyer Pak']",200,"","IS/Pol of Devl & Cult","",298,"False","False","",1,"O",20041,"","Research",2004,1
"732",8335,1,1141,"['PSCI']","",NA,"['Sheryl D. Breen']",200,"","IS/Media and Politics","",298,"False","False","A",1,"O",20041,"","Research",2004,2
"733",8336,1,1141,"['PSCI']","",NA,"['D Christopher Brooks']",200,"","IS/Nation Vs State","",298,"False","False","B",1,"O",20041,"","Research",2004,1
"734",8337,1,1148,"['PSCI']","",NA,"['D Christopher Brooks']",300,"['HH 516']","Studies Pol Thought","",384,"False","False","",1,"C",20041,"['MWF 1255-0150PM']","Research",2004,13
"735",8338,1,1151,"['PSCI']","",NA,"['Staff']",300,"","Academic Internship","",394,"True","False","",1,"O",20041,"","Research",2004,0
"736",8339,1,1152,"['PSCI']","",NA,"['Katherine S. Tegtmeyer Pak']",300,"","IR/Japanese Civil Soc","",398,"False","False","",1,"O",20041,"","Research",2004,1
"737",8340,1,1152,"['PSCI']","",NA,"['Staff']",300,"","IR/","",398,"False","False","A",1,"O",20041,"","Research",2004,0
"738",8341,1,1152,"['PSCI']","",NA,"['Staff']",300,"","IR/","",398,"False","False","B",1,"O",20041,"","Research",2004,0
"739",8342,1,1152,"['PSCI']","",NA,"['Staff']",300,"","IR/","",398,"False","False","C",1,"O",20041,"","Research",2004,0
"740",8343,1,1153,"['PSCI']","",NA,"['Katherine S. Tegtmeyer Pak']",300,"['OM 004', 'OM 004']","Sem: Immigratn/Citizen","",399,"False","False","A",1,"O",20041,"['T 0935-1100', 'Th 0930-1050']","Seminar",2004,9
"785",8388,1,1191,"['REL']","",NA,"['William Poehlmann']",100,"['BMC 102', 'BMC 102']","Bible/Culture/Commun","",121,"False","False","A",1,"C",20041,"['T 0800-0925', 'Th 0800-0920']","Research",2004,21
"786",8389,1,1191,"['REL']","",NA,"['William Poehlmann']",100,"['BMC 102', 'BMC 102']","Bible/Culture/Commun","",121,"False","False","B",1,"C",20041,"['T 0120-0245PM', 'Th 0215-0335PM']","Research",2004,22
"787",8390,1,1191,"['REL']","",NA,"['David Booth']",100,"['BMC 110']","Bible/Culture/Commun","",121,"False","False","C",1,"C",20041,"['MWF 1255-0150PM']","Research",2004,22
"788",8391,1,1191,"['REL']","",NA,"['James Hanson']",100,"['BMC 110', 'BMC 110']","Bible/Culture/Commun","",121,"False","False","D",1,"C",20041,"['T 0120-0245PM', 'Th 0215-0335PM']","Research",2004,21
"789",8392,1,1191,"['REL']","",NA,"['Gary Stansell']",100,"['BMC 102']","Bible/Culture/Commun","",121,"False","False","E",1,"C",20041,"['MWF 0800-0855']","Research",2004,22
"790",8393,1,1191,"['REL']","",NA,"['Elaine G. Siemsen']",100,"['SC 130']","Bible/Culture/Commun","",121,"False","False","F",1,"C",20041,"['MWF 0905-1000']","Research",2004,23
"791",8394,1,1191,"['REL']","",NA,"['Elizabeth C. Galbraith']",100,"['BMC 111', 'BMC 111']","Bible/Culture/Commun","",121,"False","False","G",1,"C",20041,"['T 0800-0925', 'Th 0800-0920']","Research",2004,22
"792",8395,1,1191,"['REL']","",NA,"['Margaret Odell']",100,"['BMC 110', 'BMC 110']","Bible/Culture/Commun","",121,"False","False","H",1,"C",20041,"['T 1145-0110PM', 'Th 1245-0205PM']","Research",2004,20
"793",8396,1,1191,"['REL']","",NA,"['Elaine G. Siemsen']",100,"['BMC 101']","Bible/Culture/Commun","",121,"False","False","I",1,"C",20041,"['MWF 1150-1245PM']","Research",2004,21
"794",8397,1,1191,"['REL']","",NA,"['Douglas Schuurman']",100,"['BMC 101', 'BMC 101']","Bible/Culture/Commun","",121,"False","False","J",1,"C",20041,"['T 0935-1100', 'Th 0930-1050']","Research",2004,18
"795",8398,1,1191,"['REL']","",NA,"['Jamie A. Schillinger']",100,"['BMC 111', 'BMC 111']","Bible/Culture/Commun","",121,"False","False","K",1,"C",20041,"['T 1145-0110PM', 'Th 1245-0205PM']","Research",2004,23
"796",8399,1,1191,"['REL']","",NA,"['Margaret Odell']",100,"['BMC 110', 'BMC 110']","Bible/Culture/Commun","",121,"False","False","L",1,"C",20041,"['T 0935-1100', 'Th 0930-1050']","Research",2004,21
"797",8400,1,1191,"['REL']","",NA,"['Gary Stansell']",100,"['BMC 102']","Bible/Culture/Commun","",121,"False","False","M",1,"C",20041,"['MWF 1045-1140']","Research",2004,18
"798",8401,1,1191,"['REL']","",NA,"['Philip E. Stoltzfus']",100,"['BMC 102']","Bible/Culture/Commun","",121,"False","False","N",1,"C",20041,"['MWF 0200-0255PM']","Research",2004,19
"799",8402,1,1191,"['REL']","",NA,"['Jamie A. Schillinger']",100,"['BMC 111', 'BMC 111']","Bible/Culture/Commun","",121,"False","False","O",1,"C",20041,"['T 0120-0245PM', 'Th 0215-0335PM']","Research",2004,20
"800",8403,1,1191,"['REL']","",NA,"['Philip E. Stoltzfus']",100,"['BMC 102']","Bible/Culture/Commun","",121,"False","False","P",1,"C",20041,"['MWF 1150-1245PM']","Research",2004,21
"801",8404,1,1194,"['REL']","",NA,"['Elaine G. Siemsen']",200,"['BMC 102', 'BMC 102']","The Greats","",203,"False","False","",1,"C",20041,"['T 1145-0110PM', 'Th 1245-0205PM']","Research",2004,27
"802",8405,1,1195,"['REL']","",NA,"['Edmund Santurri']",200,"['RML 515']","Chr Theol/Moral Life","",207,"False","False","",1,"C",20041,"['MWF 0905-1000']","Research",2004,71
"803",8406,1,1197,"['REL']","",NA,"['David Booth']",200,"['BMC 110']","Intro Feminist Theol","",209,"False","False","",1,"C",20041,"['MWF 0200-0255PM']","Research",2004,49
"804",8407,1,1199,"['REL']","",NA,"['Eric Lund']",200,"['SC 130']","Lutheran Heritage","",213,"False","False","",1,"C",20041,"['MWF 1045-1140']","Research",2004,31
"806",8409,1,1201,"['REL']","",NA,"['Susan Lindley']",200,"['BMC 110']","Types Protestantism","",215,"False","False","A",1,"C",20041,"['MWF 0905-1000']","Research",2004,26
"807",8410,1,1201,"['REL']","",NA,"['Susan Lindley']",200,"['BMC 110']","Types Protestantism","",215,"False","False","B",1,"C",20041,"['MWF 1045-1140']","Research",2004,27
"808",8411,1,1206,"['REL']","",NA,"['Margaret Odell']",200,"['BMC 111']","The Biblical God","",222,"False","False","",1,"C",20041,"['MWF 1255-0150PM']","Research",2004,25
"809",8412,1,1212,"['REL']","",NA,"['William Poehlmann']",200,"['BMC 111']","Worship and Theology","",228,"False","False","",1,"C",20041,"['MWF 0200-0255PM']","Research",2004,28
"810",8413,1,1213,"['REL']","",NA,"['Gary Stansell']",200,"['BMC 102']","Theology of Creation","",230,"False","False","",1,"C",20041,"['MWF 0905-1000']","Research",2004,25
"811",8414,1,1214,"['REL']","",NA,"['John Barbour']",200,"['BMC 111']","God and Faith/Autobio","",233,"False","False","A",1,"C",20041,"['MWF 0905-1000']","Research",2004,31
"812",8415,1,1214,"['REL']","",NA,"['John Barbour']",200,"['BMC 111']","God and Faith/Autobio","",233,"False","False","B",1,"C",20041,"['MWF 1045-1140']","Research",2004,23
"813",8416,1,1224,"['REL']","",NA,"['Susan Lindley']",200,"['BMC 111']","Religion in America","",260,"False","False","",1,"C",20041,"['MWF 1150-1245PM']","Research",2004,21
"814",8417,1,1234,"['REL']","",NA,"['Barbara Reed']",200,"['BMC 101']","Buddhism,Peace,Justic","",289,"False","False","A",1,"C",20041,"['MWF 1255-0150PM']","Research",2004,20
"815",8418,1,1234,"['REL']","",NA,"['Barbara Reed']",200,"['BMC 101']","Buddhism,Peace,Justic","",289,"False","False","B",1,"C",20041,"['MWF 0200-0255PM']","Research",2004,20
"816",8419,1,1236,"['REL']","",NA,"['Staff']",200,"","Academic Internship","",294,"True","False","",1,"O",20041,"","Research",2004,0
"817",8420,1,1238,"['REL']","",NA,"['Douglas Schuurman']",200,"['BMC 101', 'BMC 101']","Love,Justice,Soc Rel","",296,"False","False","A",1,"C",20041,"['T 1145-0110PM', 'Th 1245-0105PM']","Research",2004,22
"818",8421,1,1238,"['REL']","",NA,"['Douglas Schuurman']",200,"['BMC 101', 'BMC 101']","Love,Justice,Soc Rel","",296,"False","False","B",1,"C",20041,"['T 0120-0245PM', 'Th 0215-0335PM']","Research",2004,19
"819",8422,1,1239,"['REL']","",NA,"['Eric Lund']",200,"","IS/Jerusalem Conflict","",298,"False","False","",1,"O",20041,"","Research",2004,1
"820",8423,1,1239,"['REL']","",NA,"['Eric Lund']",200,"","IS/Quran Vs the Bible","",298,"False","False","A",1,"O",20041,"","Research",2004,1
"821",8424,1,1239,"['REL']","",NA,"['Jamie A. Schillinger']",200,"","IS/Islam & Modernity","",298,"False","False","B",1,"O",20041,"","Research",2004,1
"822",8425,1,1239,"['REL']","",NA,"['Charles Wilson']",200,"","IS/Hist Catholic Theo","",298,"False","False","C",1,"O",20041,"","Research",2004,1
"823",8426,1,1239,"['REL']","",NA,"['Jamie A. Schillinger']",200,"","IS/Islamic Thought","",298,"False","False","D",1,"O",20041,"","Research",2004,1
"824",8427,1,1240,"['REL']","",NA,"['Elizabeth C. Galbraith']",300,"['BMC 102', 'BMC 102']","Roman Catholic Theol","",301,"False","False","",1,"C",20041,"['T 0935-1100', 'Th 0930-1050']","Research",2004,20
"825",8428,1,1250,"['REL']","",NA,"['James Hanson']",300,"['BMC 109', 'BMC 109']","Sem: Bible","",391,"False","False","",1,"C",20041,"['T 1145-0110PM', 'Th 1245-0205PM']","Seminar",2004,13
"826",8429,1,1253,"['REL']","",NA,"['Staff']",300,"","Academic Internship","",394,"True","False","",1,"O",20041,"","Research",2004,0
"827",8430,1,1257,"['REL']","",NA,"['Staff']",300,"","IR/","",398,"False","False","",1,"O",20041,"","Research",2004,0
"828",8431,1,1257,"['REL']","",NA,"['Staff']",300,"","IR/","",398,"False","False","A",1,"O",20041,"","Research",2004,0
"829",8432,1,1257,"['REL']","",NA,"['Staff']",300,"","IR/","",398,"False","False","B",1,"O",20041,"","Research",2004,0
"830",8433,1,1257,"['REL']","",NA,"['Staff']",300,"","IR/","",398,"False","False","C",1,"O",20041,"","Research",2004,0
"831",8434,1,1258,"['REL']","",NA,"['Jamie A. Schillinger']",300,"['BMC 109']","Thematic Seminar","",399,"False","False","",1,"O",20041,"['MWF 1150-1245PM']","Research",2004,14
"832",8435,1,1259,"['RUSSN']","",NA,"['Irina Walter']",100,"['OM 004', 'OM 030']","Beginning Russian I","",111,"False","False","A",1,"C",20041,"['MWF 1150-1245PM', 'T 1150-1245PM']","Research",2004,13
"833",8436,1,1259,"['RUSSN']","",NA,"['Irina Walter']",100,"['OM 002', 'OM 030']","Beginning Russian I","",111,"False","False","B",1,"O",20041,"['MWF 0200-0255PM', 'T 1150-1245PM']","Research",2004,6
"834",8437,1,1259,"['RUSSN']","",NA,"['Irina Walter']",100,"['OM 004', 'OM 001']","Beginning Russian I","",111,"False","False","C",1,"O",20041,"['MWF 1150-1245PM', 'T 0200-0255PM']","Research",2004,4
"835",8438,1,1259,"['RUSSN']","",NA,"['Irina Walter']",100,"['OM 002', 'OM 001']","Beginning Russian I","",111,"False","False","D",1,"O",20041,"['MWF 0200-0255PM', 'T 0200-0255PM']","Research",2004,7
"836",8439,1,1263,"['RUSSN']","",NA,"['Bryn Geffert']",100,"['HH 302']","The Russian World","",124,"False","False","",1,"O",20041,"['MWF 0905-1000']","Research",2004,15
"837",8440,1,1264,"['RUSSN']","",NA,"['Marc Robinson']",200,"['OM 035', 'OM 002']","Intermed Russian I","",231,"False","False","A",1,"C",20041,"['MWF 1150-1245PM', 'T 1150-1245PM']","Research",2004,10
"838",8441,1,1264,"['RUSSN']","",NA,"['Marc Robinson']",200,"['OM 020', 'OM 002']","Intermed Russian I","",231,"False","False","B",1,"O",20041,"['MWF 0905-1000', 'T 1150-1245PM']","Research",2004,7
"839",8442,1,1264,"['RUSSN']","",NA,"['Marc Robinson']",200,"['OM 035', 'OM 011']","Intermed Russian I","",231,"False","False","C",1,"O",20041,"['MWF 1150-1245PM', 'T 0800-0855']","Research",2004,2
"840",8443,1,1264,"['RUSSN']","",NA,"['Marc Robinson']",200,"['OM 020', 'OM 011']","Intermed Russian I","",231,"False","False","D",1,"O",20041,"['MWF 0905-1000', 'T 0800-0855']","Research",2004,3
"841",8444,1,1269,"['RUSSN']","",NA,"['Irina Walter']",200,"['OM 003']","Conversation & Comp","",251,"False","False","",1,"O",20041,"['MWF 1255-0150PM']","Research",2004,10
"842",8445,1,1274,"['RUSSN']","",NA,"['Marc Robinson']",200,"['OM 011']","Intro Russian Film-Tr","",265,"False","False","",1,"O",20041,"['MWF 1045-1140']","Research",2004,16
"843",8446,1,1275,"['RUSSN']","",NA,"['Staff']",200,"","Academic Internship","",294,"True","False","",1,"O",20041,"","Research",2004,0
"844",8447,1,1276,"['RUSSN']","",NA,"['Staff']",200,"","IS/","",298,"False","False","",1,"O",20041,"","Research",2004,0
"845",8448,1,1276,"['RUSSN']","",NA,"['Staff']",200,"","IS/","",298,"False","False","A",1,"O",20041,"","Research",2004,0
"846",8449,1,1279,"['RUSSN']","",NA,"['Staff']",300,"","Academic Internship","",394,"True","False","",1,"O",20041,"","Research",2004,0
"847",8450,1,1280,"['RUSSN']","",NA,"['Marc Robinson']",300,"","IR/Russian Art Theory","",398,"False","False","",1,"O",20041,"","Research",2004,1
"848",8451,1,1285,"['RUSST']","",NA,"['Staff']",300,"","IR/","",398,"False","False","",1,"O",20041,"","Research",2004,0
"849",8452,1,1289,"['SOAN']","",NA,"['Samiha Peterson']",100,"['HH 403', 'HH 403']","Intro to Sociology","",121,"False","False","A",1,"C",20041,"['T 0800-0925', 'Th 0800-0920']","Research",2004,25
"850",8453,1,1289,"['SOAN']","",NA,"['Samiha Peterson']",100,"['HH 403', 'HH 403']","Intro to Sociology","",121,"False","False","B",1,"C",20041,"['T 0935-1100', 'Th 0930-1050']","Research",2004,27
"851",8454,1,1289,"['SOAN']","",NA,"['Raymond DeVries']",100,"['OM 031', 'OM 031']","Intro to Sociology","",121,"False","False","C",1,"C",20041,"['T 0800-0925', 'Th 0800-0920']","Research",2004,33
"852",8455,1,1294,"['SOAN']","",NA,"['Christopher L. Chiappari']",100,"['SC 188', 'SC 188']","Int/Cult Anthropology","",128,"False","False","A",1,"C",20041,"['T 0800-0925', 'Th 0800-0920']","Research",2004,29
"853",8456,1,1294,"['SOAN']","",NA,"['Christopher L. Chiappari']",100,"['SC 188', 'SC 188']","Int/Cult Anthropology","",128,"False","False","B",1,"C",20041,"['T 0935-1100', 'Th 0930-1050']","Research",2004,30
"854",8457,1,1300,"['SOAN']","",NA,"['Grant P. Arndt']",200,"['SH 01']","Contemp Native Am","",235,"False","False","A",1,"C",20041,"['MWF 1255-0150PM']","Research",2004,20
"855",8458,1,1300,"['SOAN']","",NA,"['Grant P. Arndt']",200,"['SH 01']","Contemp Native Am","",235,"False","False","B",1,"O",20041,"['MWF 0200-0255PM']","Research",2004,14
"856",8459,1,1302,"['SOAN']","",NA,"['Christopher L. Chiappari']",200,"['HH 307', 'HH 307']","Latin Am Culture","",237,"False","False","",1,"C",20041,"['T 0120-0245PM', 'Th 0215-0335PM']","Research",2004,29
"858",8461,1,1304,"['SOAN']","",NA,"['Thomas A. Williamson']",200,"['SH 02']","Global Interdepend","",241,"False","False","",1,"C",20041,"['MWF 1255-0150PM']","Research",2004,27
"859",8462,1,1306,"['SOAN']","",NA,"['Grant P. Arndt']",200,"['RML 577']","Race/Class-Am Culture","",244,"False","False","",1,"C",20041,"['MWF 1150-1245PM']","Research",2004,30
"860",8463,1,1308,"['SOAN']","",NA,"['Michael Leming']",200,"['HH 301', 'HH 301']","Dying,Death,Bereave","",248,"False","False","",1,"C",20041,"['T 1145-0110PM', 'Th 1245-0205PM']","Research",2004,26
"861",8464,1,1310,"['SOAN']","",NA,"['Michael Leming']",200,"['SH 01']","Marriage & the Family","",260,"False","False","A",1,"C",20041,"['MWF 0905-1000']","Research",2004,25
"862",8465,1,1310,"['SOAN']","",NA,"['Michael Leming']",200,"['TB 216']","Marriage & the Family","",260,"False","False","B",1,"C",20041,"['MWF 1045-1140']","Research",2004,28
"863",8466,1,2439,"['SOAN']","",NA,"['Staff']",200,"","Trad Chg Contemp Asia","",281,"False","False","",1,"O",20041,"","Research",2004,0
"864",8467,1,1314,"['SOAN']","",NA,"['Thomas A. Williamson']",200,"['RML 520']","Anthropologic Theory","",292,"False","False","",1,"C",20041,"['MWF 1045-1140']","Research",2004,18
"865",8468,1,1315,"['SOAN']","",NA,"['Christopher L. Chiappari']",200,"","Academic Internship","",294,"True","False","",1,"O",20041,"","Research",2004,1
"866",8469,1,1316,"['SOAN']","",NA,"['Christopher L. Chiappari']",200,"","IS/Religion/Activism","",298,"False","False","",1,"O",20041,"","Research",2004,1
"867",8470,1,1316,"['SOAN']","",NA,"['Christopher L. Chiappari']",200,"","IS/Culture-Economics","",298,"False","False","A",1,"O",20041,"","Research",2004,1
"868",8471,1,1316,"['SOAN']","",NA,"['Grant P. Arndt']",200,"","IS/Cont Nat Amer Spir","",298,"False","False","B",1,"O",20041,"","Research",2004,1
"869",8472,1,1317,"['SOAN']","",NA,"['Raymond DeVries']",300,"['HH 515', 'HH 515']","Found Soc Sci Resrch","",371,"False","False","",1,"C",20041,"['T 0120-0245PM', 'Th 0215-0335PM']","Research",2004,19
"870",8473,1,1319,"['SOAN']","",NA,"['Staff']",300,"","Academic Internship","",394,"True","False","",1,"O",20041,"","Research",2004,0
"898",8501,1,1359,"['SWRK']","",NA,"['Mary Carlsen']",200,"['DC 204']","Soc Work/Soc Services","",221,"False","False","",1,"C",20041,"['MWF 1255-0150PM']","Research",2004,23
"899",8502,1,1360,"['SWRK']","",NA,"['Mary Carlsen']",200,"['OM 003']","Hum Behav in Soc Env","",246,"False","False","",1,"C",20041,"['MWF 1045-1140']","Research",2004,9
"900",8503,1,1361,"['SWRK']","",NA,"['Melissa Roberts']",200,"['HH 302', 'HH 302']","Social Work Methods I","",254,"False","False","",1,"C",20041,"['T 0800-0925', 'Th 0800-0920']","Research",2004,8
"901",8504,1,1366,"['SWRK']","",NA,"['Staff']",200,"","Academic Internship","",294,"True","False","",1,"O",20041,"","Research",2004,0
"902",8505,1,1367,"['SWRK']","",NA,"['Mary Carlsen']",200,"","IS/Dom Violence Mex","",298,"False","False","",1,"O",20041,"","Research",2004,0
"903",8506,1,1368,"['SWRK']","",NA,"['Patricia Richardson']",300,"['BC 220', 'BC 220', 'BC 220']","Soc Work Methods III","",373,"False","False","",1,"C",20041,"['MWF 1150-0255PM', 'Th 0935-1100', 'Th 1245-0205PM']","Research",2004,12
"905",8508,1,1372,"['SWRK']","",NA,"['Staff']",300,"","Academic Internship","",394,"True","False","",1,"O",20041,"","Research",2004,0
"906",8509,1,1373,"['SWRK']","",NA,"['Staff']",300,"","IR/","",398,"False","False","",1,"O",20041,"","Research",2004,0
"907",8510,1,1375,"['THEAT']","",NA,"['Brian Bjorklund']",100,"['TB Kelsey']","Intro to Theater","",110,"False","False","",1,"O",20041,"['MWF 0905-1000']","Research",2004,45
"908",8511,1,1376,"['THEAT']","",NA,"['Peter Moore']",100,"['TB Haugen']","Acting for Non-Majors","",115,"False","False","",1,"C",20041,"['MWF 1045-1140']","Research",2004,24
"909",8512,1,1378,"['THEAT']","",NA,"['Dona W. Freeman']",100,"['TB Haugen', 'TB Haugen']","Intro to Acting","",130,"False","False","",1,"C",20041,"['T 0120-0245PM', 'Th 0215-0335PM']","Research",2004,20
"910",8513,1,1381,"['THEAT']","",NA,"['Steven E. Reiser']",100,"['TB Green Rm']","Scenery Costumes","",150,"False","False","",1,"O",20041,"['MWF 1045-1140']","Research",2004,13
"911",8514,1,1383,"['THEAT']","",NA,"['William Sonnega']",200,"['TB 216']","Plays & Playwrights","",210,"False","False","",1,"C",20041,"['MWF 1150-1245PM']","Research",2004,13
"912",8515,1,1384,"['THEAT']","",NA,"['Dona W. Freeman']",200,"['TB Haugen', 'TB Haugen']","Intermediate Acting","",230,"False","False","",1,"C",20041,"['T 1145-0110PM', 'Th 1245-0205PM']","Research",2004,17
"913",8516,1,1385,"['THEAT']","",NA,"['Gary C. Gisselman']",200,"['TB 227/HAUGE']","Intro to Directing","",232,"False","False","",1,"C",20041,"['MWF 0905-1000']","Research",2004,20
"916",8519,1,1388,"['THEAT']","",NA,"['Brian Bjorklund']",200,"['TB Haugen']","Lighting & Sound","",250,"False","False","",1,"C",20041,"['MWF 1150-1245PM']","Research",2004,14
"919",8522,1,1391,"['THEAT']","",NA,"['Karen Wilson']",200,"['TB 216']","Hist Theatre-To 1700","",270,"False","False","",1,"C",20041,"['MWF 1255-0150PM']","Research",2004,31
"920",8523,1,1394,"['THEAT']","",NA,"['Staff']",200,"","Academic Internship","",294,"True","False","",1,"O",20041,"","Research",2004,0
"921",8524,1,1394,"['THEAT']","",NA,"['Staff']",200,"","Academic Internship","",294,"True","False","A",1,"O",20041,"","Research",2004,0
"922",8525,1,1395,"['THEAT']","",NA,"['Brian Bjorklund']",200,"","IS/Scene/Light Sem","",298,"False","False","",1,"O",20041,"","Research",2004,1
"923",8526,1,1395,"['THEAT']","",NA,"['Staff']",200,"","IS/","",298,"False","False","A",1,"O",20041,"","Research",2004,0
"924",8527,1,1395,"['THEAT']","",NA,"['Staff']",200,"","IS/","",298,"False","False","B",1,"O",20041,"","Research",2004,0
"925",8528,1,1395,"['THEAT']","",NA,"['Staff']",200,"","IS/","",298,"False","False","C",1,"O",20041,"","Research",2004,0
"926",8529,1,1395,"['THEAT']","",NA,"['Staff']",200,"","IS/","",298,"False","False","D",1,"O",20041,"","Research",2004,0
"927",8530,1,1395,"['THEAT']","",NA,"['Staff']",200,"","IS/","",298,"False","False","E",1,"O",20041,"","Research",2004,0
"928",8531,1,1395,"['THEAT']","",NA,"['Staff']",200,"","IS/","",298,"False","False","F",1,"O",20041,"","Research",2004,0
"929",8532,1,1400,"['THEAT']","",NA,"['Staff']",300,"","Academic Internship","",394,"True","False","",1,"O",20041,"","Research",2004,0
"930",8533,1,1401,"['THEAT']","",NA,"['Staff']",300,"","IR/","",398,"False","False","",1,"O",20041,"","Research",2004,0
"931",8534,1,1401,"['THEAT']","",NA,"['Staff']",300,"","IR/","",398,"False","False","A",1,"O",20041,"","Research",2004,0
"932",8535,1,1401,"['THEAT']","",NA,"['Staff']",300,"","IR/","",398,"False","False","B",1,"O",20041,"","Research",2004,0
"933",8536,1,1401,"['THEAT']","",NA,"['Staff']",300,"","IR/","",398,"False","False","C",1,"O",20041,"","Research",2004,0
"934",8537,1,1401,"['THEAT']","",NA,"['Staff']",300,"","IR/","",398,"False","False","D",1,"O",20041,"","Research",2004,0
"946",8688,1,1476,"['WMNST']","",NA,"['Diane C. LeBlanc']",100,"['RML 421']","Intro Womens Studies","",121,"False","False","A",1,"C",20041,"['MWF 1150-1245PM']","Research",2004,22
"947",8689,1,1476,"['WMNST']","",NA,"['Dolores Peters']",100,"['HH 515', 'HH 515']","Intro Womens Studies","",121,"False","False","B",1,"C",20041,"['T 0935-1100', 'Th 0930-1050']","Research",2004,17
"948",8690,1,1477,"['WMNST']","",NA,"['Mary Susan Lovett']",200,"","Academic Internship","",294,"True","False","",1,"O",20041,"","Research",2004,1
"949",8691,1,1477,"['WMNST']","",NA,"['Staff']",200,"","Academic Internship","",294,"True","False","A",1,"O",20041,"","Research",2004,0
"950",8692,1,1478,"['WMNST']","",NA,"['David Booth']",200,"","IS/Fem-Hist/Theory","",298,"False","False","",1,"O",20041,"","Research",2004,1
"951",8693,1,1479,"['WMNST']","",NA,"['Staff']",300,"","Academic Internship","",394,"True","False","",1,"O",20041,"","Research",2004,0
"952",8694,1,1480,"['WMNST']","",NA,"['Staff']",300,"","IR/","",398,"False","False","",1,"O",20041,"","Research",2004,0
"953",8695,1,1482,"['ARMS']","",NA,"['Joan Hepburn']",100,"['OM 015', 'OM 015']","Intro to Arms","",121,"False","False","",1,"C",20041,"['T 0120-0245PM', 'Th 0215-0335PM']","Research",2004,29
"954",8696,1,1485,"['ARMS']","",NA,"['Steven C. Hahn']",200,"['RML 577']","Sem: Race Early Americ","",251,"False","False","",1,"O",20041,"['MWF 1255-0150PM']","Seminar",2004,15
"955",8697,1,1486,"['ARMS']","",NA,"['Staff']",200,"","Academic Internship","",294,"True","False","",1,"O",20041,"","Research",2004,0
"956",8698,1,1487,"['ARMS']","",NA,"['Staff']",200,"","IS/","",298,"False","False","",1,"O",20041,"","Research",2004,0
"957",8699,1,1487,"['ARMS']","",NA,"['Staff']",200,"","IS/","",298,"False","False","A",1,"O",20041,"","Research",2004,0
"958",8700,1,1488,"['ARMS']","",NA,"['Staff']",300,"","Academic Internship","",394,"True","False","",1,"O",20041,"","Research",2004,0
"959",8701,1,1489,"['ARMS']","",NA,"['Staff']",300,"","IR/","",398,"False","False","",1,"O",20041,"","Research",2004,0
"960",53348,1,69,"['ART']","",NA,"['Mary Griep']",200,"","IS/Drawing Exploration","",298,"False","False","J",1,"O",20041,"","Research",2004,1
"961",53584,1,94,"['ASIAN']","",NA,"['Pin Pin Wan']",200,"","IS/Film in Chinese","",298,"False","False","B",1,"O",20041,"","Research",2004,1
